pl_name,rowid,pl_hostname,pl_letter,hd_name,hip_name,tic_id,gaia_id,default_flag,sy_snum,sy_pnum,sy_mnum,cb_flag,discoverymethod,disc_year,disc_refname,disc_pubdate,disc_locale,disc_facility,disc_telescope,disc_instrument,rv_flag,pul_flag,ptv_flag,tran_flag,ast_flag,obm_flag,micro_flag,etv_flag,ima_flag,dkin_flag,soltype,pl_controv_flag,pl_refname,pl_orbper,pl_orbpererr1,pl_orbpererr2,pl_orbperlim,pl_orbsmax,pl_orbsmaxerr1,pl_orbsmaxerr2,pl_orbsmaxlim,pl_rade,pl_radeerr1,pl_radeerr2,pl_radelim,pl_radj,pl_radjerr1,pl_radjerr2,pl_radjlim,pl_masse,pl_masseerr1,pl_masseerr2,pl_masselim,pl_massj,pl_massjerr1,pl_massjerr2,pl_massjlim,pl_msinie,pl_msinieerr1,pl_msinieerr2,pl_msinielim,pl_msinij,pl_msinijerr1,pl_msinijerr2,pl_msinijlim,pl_cmasse,pl_cmasseerr1,pl_cmasseerr2,pl_cmasselim,pl_cmassj,pl_cmassjerr1,pl_cmassjerr2,pl_cmassjlim,pl_bmasse,pl_bmasseerr1,pl_bmasseerr2,pl_bmasselim,pl_bmassj,pl_bmassjerr1,pl_bmassjerr2,pl_bmassjlim,pl_bmassprov,pl_dens,pl_denserr1,pl_denserr2,pl_denslim,pl_orbeccen,pl_orbeccenerr1,pl_orbeccenerr2,pl_orbeccenlim,pl_insol,pl_insolerr1,pl_insolerr2,pl_insollim,pl_eqt,pl_eqterr1,pl_eqterr2,pl_eqtlim,pl_orbincl,pl_orbinclerr1,pl_orbinclerr2,pl_orbincllim,pl_tranmid,pl_tranmiderr1,pl_tranmiderr2,pl_tranmidlim,pl_tsystemref,ttv_flag,pl_imppar,pl_impparerr1,pl_impparerr2,pl_impparlim,pl_trandep,pl_trandeperr1,pl_trandeperr2,pl_trandeplim,pl_trandur,pl_trandurerr1,pl_trandurerr2,pl_trandurlim,pl_ratdor,pl_ratdorerr1,pl_ratdorerr2,pl_ratdorlim,pl_ratror,pl_ratrorerr1,pl_ratrorerr2,pl_ratrorlim,pl_occdep,pl_occdeperr1,pl_occdeperr2,pl_occdeplim,pl_orbtper,pl_orbtpererr1,pl_orbtpererr2,pl_orbtperlim,pl_orblper,pl_orblpererr1,pl_orblpererr2,pl_orblperlim,pl_rvamp,pl_rvamperr1,pl_rvamperr2,pl_rvamplim,pl_projobliq,pl_projobliqerr1,pl_projobliqerr2,pl_projobliqlim,pl_trueobliq,pl_trueobliqerr1,pl_trueobliqerr2,pl_trueobliqlim,st_refname,st_spectype,st_teff,st_tefferr1,st_tefferr2,st_tefflim,st_rad,st_raderr1,st_raderr2,st_radlim,st_mass,st_masserr1,st_masserr2,st_masslim,st_met,st_meterr1,st_meterr2,st_metlim,st_metratio,st_lum,st_lumerr1,st_lumerr2,st_lumlim,st_logg,st_loggerr1,st_loggerr2,st_logglim,st_age,st_ageerr1,st_ageerr2,st_agelim,st_dens,st_denserr1,st_denserr2,st_denslim,st_vsin,st_vsinerr1,st_vsinerr2,st_vsinlim,st_rotp,st_rotperr1,st_rotperr2,st_rotplim,st_radv,st_radverr1,st_radverr2,st_radvlim,sy_refname,rastr,ra,decstr,dec,raerr1,raerr2,decerr1,decerr2,glat,glaterr1,glaterr2,glon,glonerr1,glonerr2,elat,elaterr1,elaterr2,elon,elonerr1,elonerr2,sy_pm,sy_pmerr1,sy_pmerr2,sy_pmra,sy_pmraerr1,sy_pmraerr2,sy_pmdec,sy_pmdecerr1,sy_pmdecerr2,sy_dist,sy_disterr1,sy_disterr2,sy_plx,sy_plxerr1,sy_plxerr2,sy_bmag,sy_bmagerr1,sy_bmagerr2,sy_vmag,sy_vmagerr1,sy_vmagerr2,sy_jmag,sy_jmagerr1,sy_jmagerr2,sy_hmag,sy_hmagerr1,sy_hmagerr2,sy_kmag,sy_kmagerr1,sy_kmagerr2,sy_umag,sy_umagerr1,sy_umagerr2,sy_gmag,sy_gmagerr1,sy_gmagerr2,sy_rmag,sy_rmagerr1,sy_rmagerr2,sy_imag,sy_imagerr1,sy_imagerr2,sy_zmag,sy_zmagerr1,sy_zmagerr2,sy_w1mag,sy_w1magerr1,sy_w1magerr2,sy_w2mag,sy_w2magerr1,sy_w2magerr2,sy_w3mag,sy_w3magerr1,sy_w3magerr2,sy_w4mag,sy_w4magerr1,sy_w4magerr2,sy_gaiamag,sy_gaiamagerr1,sy_gaiamagerr2,sy_icmag,sy_icmagerr1,sy_icmagerr2,sy_tmag,sy_tmagerr1,sy_tmagerr2,sy_kepmag,sy_kepmagerr1,sy_kepmagerr2,rowupdate,pl_pubdate,releasedate,pl_nnotes,st_nphot,st_nrvc,st_nspec,pl_nespec,pl_ntranspec,sectors,,,
61 Vir b,101,61 Vir,b,HD 115617,HIP 64924,TIC 422478973,Gaia DR2 3507879565090229888,1,1,3,0,0,Radial Velocity,2009,<a refstr=VOGT_ET_AL__2010 href=https://ui.adsabs.harvard.edu/abs/2010ApJ...708.1366V/abstract target=ref> Vogt et al. 2010 </a>,2010-01,Ground,Multiple Observatories,Multiple Telescopes,Multiple Instruments,1,0,0,0,0,0,0,0,0,0,Published Confirmed,0,<a refstr=VOGT_ET_AL__2010 href=https://ui.adsabs.harvard.edu/abs/2010ApJ...708.1366V/abstract target=ref> Vogt et al. 2010 </a>,4.215,0.0006,-0.0006,0,0.050201,5E-06,-5E-06,0,,,,,,,,,,,,,,,,,5.1,0.5,-0.5,0,0.016,0.002,-0.002,0,,,,,,,,,5.1,0.5,-0.5,0,0.016,0.002,-0.002,0,Msini,,,,,0.12,0.11,-0.11,0,,,,,,,,,,,,,,,,,,0,,,,,,,,,,,,,,,,,,,,,,,,,,,,,105,54,-54,0,2.12,0.23,-0.23,0,,,,,,,,,<a refstr=VOGT_ET_AL__2010 href=https://ui.adsabs.harvard.edu/abs/2010ApJ...708.1366V/abstract target=ref> Vogt et al. 2010 </a>,G5 V,5577,33,-33,0,0.96,0.01,-0.01,0,0.94,0.03,-0.03,0,-0.01,,,0,[Fe/H],-0.095,0.003,-0.003,0,4.34,0.03,-0.03,0,8.96,2.76,-3.08,0,,,,,1.9,,,0,,,,,,,,,<a refstr=STASSUN_ET_AL__2019 href=https://ui.adsabs.harvard.edu/abs/2019AJ....158..138S/abstract target=ref>TICv8</a>,13h18m23.15s,199.596455,-18d18m56.79s,-18.3157745,0.1789512,-0.1789512,0.1833656,-0.1833656,44.09261,,,311.8591,,,-9.297813,,,205.0072,,,1508.8416272,0.3933829,-0.3933829,-1070.81,0.391373,-0.391373,-1063,0.395412,-0.395412,8.50332,0.017335,-0.017335,117.573,0.237902,-0.237902,0.072,0.244,-0.244,4.6955,0.0462,-0.0462,3.334,0.2,-0.2,2.974,0.176,-0.176,2.956,0.236,-0.236,,,,,,,,,,,,,,,,,,,,,,,,,,,,4.54052,0.0055701,-0.0055701,,,,4.085,0.0082,-0.0082,,,,2014-05-14,2010-01,2014-05-14,0,1,6,9,0,0,[10 37 64],,,
BD-06 1339 b,137,BD-06 1339,b,,HIP 27803,TIC 66914642,Gaia DR2 3022099969137163904,1,1,2,0,0,Radial Velocity,2013,<a refstr=LO_CURTO_ET_AL__2013 href=https://ui.adsabs.harvard.edu/abs/2013A%26A...551A..59L/abstract target=ref> Lo Curto et al. 2013 </a>,2013-03,Ground,La Silla Observatory,3.6 m ESO Telescope,HARPS Spectrograph,1,0,0,0,0,0,0,0,0,0,Published Confirmed,0,<a refstr=LO_CURTO_ET_AL__2013 href=https://ui.adsabs.harvard.edu/abs/2013A%26A...551A..59L/abstract target=ref> Lo Curto et al. 2013 </a>,3.8728,0.0004,-0.0004,0,0.0428,0.0007,-0.0007,0,,,,,,,,,,,,,,,,,8.5,1.3,-1.3,0,0.027,0.004,-0.004,0,,,,,,,,,8.5,1.3,-1.3,0,0.027,0.004,-0.004,0,Msini,,,,,0,,,0,,,,,,,,,,,,,,,,,,0,,,,,,,,,,,,,,,,,,,,,,,,,2455220.5,0.1,-0.1,0,0,,,0,4.4,0.6,-0.6,0,,,,,,,,,<a refstr=LO_CURTO_ET_AL__2013 href=https://ui.adsabs.harvard.edu/abs/2013A%26A...551A..59L/abstract target=ref> Lo Curto et al. 2013 </a>,K7/M0 V,4324,100,-100,0,,,,,0.7,,,0,-0.14,0.17,-0.17,0,[Fe/H],-1.022,0.043,-0.048,0,4.74,0.02,-0.02,0,4.4,4,-4,0,,,,,0.57,,,0,,,,,23.62,0,0,0,<a refstr=STASSUN_ET_AL__2019 href=https://ui.adsabs.harvard.edu/abs/2019AJ....158..138S/abstract target=ref>TICv8</a>,05h53m00.28s,88.2511811,-05d59m46.82s,-5.9963378,0.0399268,-0.0399268,0.0489938,-0.0489938,-15.71535,,,211.6566,,,-29.42201,,,88.00313,,,346.7225761,0.0703183,-0.0703183,-1.04543,0.0702594,-0.0702594,-346.721,0.0703183,-0.0703183,20.2695,0.0219,-0.0219,49.3062,0.0529212,-0.0529212,10.972,0.062,-0.062,9.7,0.03,-0.03,7.128,0.018,-0.018,6.517,0.059,-0.059,6.305,0.018,-0.018,,,,,,,,,,,,,,,,,,,,,,,,,,,,9.10677,0.000602,-0.000602,,,,8.2906,0.006,-0.006,,,,2014-05-14,2013-03,2014-05-14,0,1,0,0,0,0,[6],,,
DMPP-1 c,264,DMPP-1,c,HD 38677,HIP 27305,TIC 66560666,Gaia DR2 3011005587574818432,1,1,4,0,0,Radial Velocity,2019,<a refstr=STAAB_ET_AL__2020 href=https://ui.adsabs.harvard.edu/abs/2020NatAs...4..399S/abstract target=ref>Staab et al. 2020</a>,2019-12,Ground,La Silla Observatory,3.6 m ESO Telescope,HARPS Spectrograph,1,0,0,0,0,0,0,0,0,0,Published Confirmed,0,<a refstr=STAAB_ET_AL__2020 href=https://ui.adsabs.harvard.edu/abs/2020NatAs...4..399S/abstract target=ref>Staab et al. 2020</a>,6.584,0.003,-0.002,0,0.0733,0.0006,-0.0007,0,,,,,,,,,,,,,,,,,9.6,0.53,-1.58,0,0.0302,0.00167,-0.00497,0,,,,,,,,,9.6,0.53,-1.58,0,0.0302,0.00167,-0.00497,0,Msini,,,,,0.057,,,1,,,,,1239,,,0,,,,,,,,,,0,,,,,,,,,,,,,,,,,,,,,,,,,,,,,,,,,2.884,0.16,-0.47,0,,,,,,,,,<a refstr=STAAB_ET_AL__2020 href=https://ui.adsabs.harvard.edu/abs/2020NatAs...4..399S/abstract target=ref>Staab et al. 2020</a>,F8 V,6196,29,-29,0,1.26,0.02,-0.02,0,1.21,0.03,-0.03,0,,,,,,,,,,4.41,0.21,-0.21,0,2.01,0.54,-0.54,0,,,,,3.41,0.24,-0.24,0,,,,,,,,,<a refstr=STASSUN_ET_AL__2019 href=https://ui.adsabs.harvard.edu/abs/2019AJ....158..138S/abstract target=ref>TICv8</a>,05h47m06.27s,86.7761233,-10d37m49.16s,-10.6303217,0.0438842,-0.0438842,0.0449502,-0.0449502,-19.05298,,,215.3585,,,-34.02673,,,86.17601,,,21.4467413,0.0907248,-0.0907248,2.72749,0.0977691,-0.0977691,-21.2726,0.0906044,-0.0906044,62.5388,0.17775,-0.17775,15.9613,0.0451071,-0.0451071,8.538,0,0,7.98,0.03,-0.03,7.001,0.024,-0.024,6.746,0.036,-0.036,6.69,0.024,-0.024,,,,,,,,,,,,,,,,6.655,0.074,-0.074,6.652,0.021,-0.021,6.698,0.016,-0.016,6.563,0.06,-0.06,7.85032,0.00029,-0.00029,,,,7.4742,0.006,-0.006,,,,2020-01-23 10:03:10,2019-12,2020-01-30,1,1,0,0,0,0,[ 6 33],,,
DMPP-1 d,265,DMPP-1,d,HD 38677,HIP 27305,TIC 66560666,Gaia DR2 3011005587574818432,1,1,4,0,0,Radial Velocity,2019,<a refstr=STAAB_ET_AL__2020 href=https://ui.adsabs.harvard.edu/abs/2020NatAs...4..399S/abstract target=ref>Staab et al. 2020</a>,2019-12,Ground,La Silla Observatory,3.6 m ESO Telescope,HARPS Spectrograph,1,0,0,0,0,0,0,0,0,0,Published Confirmed,0,<a refstr=STAAB_ET_AL__2020 href=https://ui.adsabs.harvard.edu/abs/2020NatAs...4..399S/abstract target=ref>Staab et al. 2020</a>,2.882,0.001,-0.001,0,0.0422,0.0004,-0.0003,0,,,,,,,,,,,,,,,,,3.35,0.38,-0.34,0,0.01054,0.0012,-0.00107,0,,,,,,,,,3.35,0.38,-0.34,0,0.01054,0.0012,-0.00107,0,Msini,,,,,0.07,,,1,,,,,1632,,,0,,,,,,,,,,0,,,,,,,,,,,,,,,,,,,,,,,,,,,,,,,,,1.326,0.149,-0.13,0,,,,,,,,,<a refstr=STAAB_ET_AL__2020 href=https://ui.adsabs.harvard.edu/abs/2020NatAs...4..399S/abstract target=ref>Staab et al. 2020</a>,F8 V,6196,29,-29,0,1.26,0.02,-0.02,0,1.21,0.03,-0.03,0,,,,,,,,,,4.41,0.21,-0.21,0,2.01,0.54,-0.54,0,,,,,3.41,0.24,-0.24,0,,,,,,,,,<a refstr=STASSUN_ET_AL__2019 href=https://ui.adsabs.harvard.edu/abs/2019AJ....158..138S/abstract target=ref>TICv8</a>,05h47m06.27s,86.7761233,-10d37m49.16s,-10.6303217,0.0438842,-0.0438842,0.0449502,-0.0449502,-19.05298,,,215.3585,,,-34.02673,,,86.17601,,,21.4467413,0.0907248,-0.0907248,2.72749,0.0977691,-0.0977691,-21.2726,0.0906044,-0.0906044,62.5388,0.17775,-0.17775,15.9613,0.0451071,-0.0451071,8.538,0,0,7.98,0.03,-0.03,7.001,0.024,-0.024,6.746,0.036,-0.036,6.69,0.024,-0.024,,,,,,,,,,,,,,,,6.655,0.074,-0.074,6.652,0.021,-0.021,6.698,0.016,-0.016,6.563,0.06,-0.06,7.85032,0.00029,-0.00029,,,,7.4742,0.006,-0.006,,,,2020-01-23 10:03:11,2019-12,2020-01-30,1,1,0,0,0,0,[ 6 33],,,
DMPP-1 e,266,DMPP-1,e,HD 38677,HIP 27305,TIC 66560666,Gaia DR2 3011005587574818432,1,1,4,0,0,Radial Velocity,2019,<a refstr=STAAB_ET_AL__2020 href=https://ui.adsabs.harvard.edu/abs/2020NatAs...4..399S/abstract target=ref>Staab et al. 2020</a>,2019-12,Ground,La Silla Observatory,3.6 m ESO Telescope,HARPS Spectrograph,1,0,0,0,0,0,0,0,0,0,Published Confirmed,0,<a refstr=STAAB_ET_AL__2020 href=https://ui.adsabs.harvard.edu/abs/2020NatAs...4..399S/abstract target=ref>Staab et al. 2020</a>,5.516,0.002,-0.004,0,0.0651,0.0005,-0.0005,0,,,,,,,,,,,,,,,,,4.13,0.66,-1.14,0,0.01299,0.00208,-0.00359,0,,,,,,,,,4.13,0.66,-1.14,0,0.01299,0.00208,-0.00359,0,Msini,,,,,0.07,,,1,,,,,1314,,,0,,,,,,,,,,0,,,,,,,,,,,,,,,,,,,,,,,,,,,,,,,,,1.316,0.206,-0.358,0,,,,,,,,,<a refstr=STAAB_ET_AL__2020 href=https://ui.adsabs.harvard.edu/abs/2020NatAs...4..399S/abstract target=ref>Staab et al. 2020</a>,F8 V,6196,29,-29,0,1.26,0.02,-0.02,0,1.21,0.03,-0.03,0,,,,,,,,,,4.41,0.21,-0.21,0,2.01,0.54,-0.54,0,,,,,3.41,0.24,-0.24,0,,,,,,,,,<a refstr=STASSUN_ET_AL__2019 href=https://ui.adsabs.harvard.edu/abs/2019AJ....158..138S/abstract target=ref>TICv8</a>,05h47m06.27s,86.7761233,-10d37m49.16s,-10.6303217,0.0438842,-0.0438842,0.0449502,-0.0449502,-19.05298,,,215.3585,,,-34.02673,,,86.17601,,,21.4467413,0.0907248,-0.0907248,2.72749,0.0977691,-0.0977691,-21.2726,0.0906044,-0.0906044,62.5388,0.17775,-0.17775,15.9613,0.0451071,-0.0451071,8.538,0,0,7.98,0.03,-0.03,7.001,0.024,-0.024,6.746,0.036,-0.036,6.69,0.024,-0.024,,,,,,,,,,,,,,,,6.655,0.074,-0.074,6.652,0.021,-0.021,6.698,0.016,-0.016,6.563,0.06,-0.06,7.85032,0.00029,-0.00029,,,,7.4742,0.006,-0.006,,,,2020-01-23 10:03:12,2019-12,2020-01-30,1,1,0,0,0,0,[ 6 33],,,
GJ 1061 b,350,GJ 1061,b,,,TIC 79611981,Gaia DR2 4848140361962951552,1,1,3,0,0,Radial Velocity,2020,<a refstr=DREIZLER_ET_AL__2020 href=https://ui.adsabs.harvard.edu/abs/2020MNRAS.493..536D/abstract target=ref>Dreizler et al. 2020</a>,2020-03,Ground,La Silla Observatory,3.6 m ESO Telescope,HARPS Spectrograph,1,0,0,0,0,0,0,0,0,0,Published Confirmed,0,<a refstr=DREIZLER_ET_AL__2020 href=https://ui.adsabs.harvard.edu/abs/2020MNRAS.493..536D/abstract target=ref>Dreizler et al. 2020</a>,3.204,0.001,-0.001,0,0.021,0.001,-0.001,0,,,,,,,,,,,,,,,,,1.37,0.16,-0.15,0,0.00431,0.0005,-0.00047,0,,,,,,,,,1.37,0.16,-0.15,0,0.00431,0.0005,-0.00047,0,Msini,,,,,0.31,,,1,3.8,0.7,-0.7,0,,,,,,,,,,,,,BJD,0,,,,,,,,,,,,,,,,,,,,,,,,,2458300.61,0.56,-0.72,0,145,81,-65,0,2.43,0.24,-0.24,0,,,,,,,,,<a refstr=DREIZLER_ET_AL__2020 href=https://ui.adsabs.harvard.edu/abs/2020MNRAS.493..536D/abstract target=ref>Dreizler et al. 2020</a>,M5.5 V,2953,98,-98,0,0.16,0.01,-0.01,0,0.12,0.01,-0.01,0,-0.08,0.08,-0.08,0,[Fe/H],-2.77,0.025,-0.026,0,,,,,7,0.5,-0.5,-1,,,,,2.5,,,1,,,,,1.06,0.01,-0.01,0,<a refstr=STASSUN_ET_AL__2019 href=https://ui.adsabs.harvard.edu/abs/2019AJ....158..138S/abstract target=ref>TICv8</a>,03h36m00.78s,54.0032486,-44d30m51.52s,-44.5143104,0.054812,-0.054812,0.0581363,-0.0581363,-52.90489,,,251.8698,,,-60.77312,,,30.85594,,,833.7162183,0.1220404,-0.1220404,745.286,0.11762,-0.11762,-373.673,0.138232,-0.138232,3.67278,0.000895,-0.000895,272.245,0.0660788,-0.0660788,,,,12.7,0.2,-0.2,7.523,0.02,-0.02,7.015,0.044,-0.044,6.61,0.021,-0.021,,,,,,,,,,,,,,,,,,,,,,,,,,,,10.9889,0.000945,-0.000945,,,,9.47068,0.0075428,-0.0075428,,,,2020-02-21 10:55:12,2020-03,2020-02-27,1,0,0,0,0,0,[ 3  4 30 31],,,
GJ 1061 c,351,GJ 1061,c,,,TIC 79611981,Gaia DR2 4848140361962951552,1,1,3,0,0,Radial Velocity,2020,<a refstr=DREIZLER_ET_AL__2020 href=https://ui.adsabs.harvard.edu/abs/2020MNRAS.493..536D/abstract target=ref>Dreizler et al. 2020</a>,2020-03,Ground,La Silla Observatory,3.6 m ESO Telescope,HARPS Spectrograph,1,0,0,0,0,0,0,0,0,0,Published Confirmed,0,<a refstr=DREIZLER_ET_AL__2020 href=https://ui.adsabs.harvard.edu/abs/2020MNRAS.493..536D/abstract target=ref>Dreizler et al. 2020</a>,6.689,0.005,-0.005,0,0.035,0.001,-0.001,0,,,,,,,,,,,,,,,,,1.74,0.23,-0.23,0,0.00547,0.00072,-0.00072,0,,,,,,,,,1.74,0.23,-0.23,0,0.00547,0.00072,-0.00072,0,Msini,,,,,0.29,,,1,1.4,0.2,-0.2,0,,,,,,,,,,,,,BJD,0,,,,,,,,,,,,,,,,,,,,,,,,,2458300.2,1.9,-1.5,0,88,95,-85,0,2.48,0.28,-0.29,0,,,,,,,,,<a refstr=DREIZLER_ET_AL__2020 href=https://ui.adsabs.harvard.edu/abs/2020MNRAS.493..536D/abstract target=ref>Dreizler et al. 2020</a>,M5.5 V,2953,98,-98,0,0.16,0.01,-0.01,0,0.12,0.01,-0.01,0,-0.08,0.08,-0.08,0,[Fe/H],-2.77,0.025,-0.026,0,,,,,7,0.5,-0.5,-1,,,,,2.5,,,1,,,,,1.06,0.01,-0.01,0,<a refstr=STASSUN_ET_AL__2019 href=https://ui.adsabs.harvard.edu/abs/2019AJ....158..138S/abstract target=ref>TICv8</a>,03h36m00.78s,54.0032486,-44d30m51.52s,-44.5143104,0.054812,-0.054812,0.0581363,-0.0581363,-52.90489,,,251.8698,,,-60.77312,,,30.85594,,,833.7162183,0.1220404,-0.1220404,745.286,0.11762,-0.11762,-373.673,0.138232,-0.138232,3.67278,0.000895,-0.000895,272.245,0.0660788,-0.0660788,,,,12.7,0.2,-0.2,7.523,0.02,-0.02,7.015,0.044,-0.044,6.61,0.021,-0.021,,,,,,,,,,,,,,,,,,,,,,,,,,,,10.9889,0.000945,-0.000945,,,,9.47068,0.0075428,-0.0075428,,,,2020-02-21 10:55:13,2020-03,2020-02-27,1,0,0,0,0,0,[ 3  4 30 31],,,
GJ 1061 d,352,GJ 1061,d,,,TIC 79611981,Gaia DR2 4848140361962951552,1,1,3,0,0,Radial Velocity,2020,<a refstr=DREIZLER_ET_AL__2020 href=https://ui.adsabs.harvard.edu/abs/2020MNRAS.493..536D/abstract target=ref>Dreizler et al. 2020</a>,2020-03,Ground,La Silla Observatory,3.6 m ESO Telescope,HARPS Spectrograph,1,0,0,0,0,0,0,0,0,0,Published Confirmed,0,<a refstr=DREIZLER_ET_AL__2020 href=https://ui.adsabs.harvard.edu/abs/2020MNRAS.493..536D/abstract target=ref>Dreizler et al. 2020</a>,13.031,0.025,-0.032,0,0.054,0.001,-0.001,0,,,,,,,,,,,,,,,,,1.64,0.24,-0.23,0,0.00516,0.00076,-0.00072,0,,,,,,,,,1.64,0.24,-0.23,0,0.00516,0.00076,-0.00072,0,Msini,,,,,0.53,,,1,0.6,0.1,-0.1,0,,,,,,,,,,,,,BJD,0,,,,,,,,,,,,,,,,,,,,,,,,,2458306.4,3.1,-2.5,0,157,88,-71,0,1.86,0.25,-0.25,0,,,,,,,,,<a refstr=DREIZLER_ET_AL__2020 href=https://ui.adsabs.harvard.edu/abs/2020MNRAS.493..536D/abstract target=ref>Dreizler et al. 2020</a>,M5.5 V,2953,98,-98,0,0.16,0.01,-0.01,0,0.12,0.01,-0.01,0,-0.08,0.08,-0.08,0,[Fe/H],-2.77,0.025,-0.026,0,,,,,7,0.5,-0.5,-1,,,,,2.5,,,1,,,,,1.06,0.01,-0.01,0,<a refstr=STASSUN_ET_AL__2019 href=https://ui.adsabs.harvard.edu/abs/2019AJ....158..138S/abstract target=ref>TICv8</a>,03h36m00.78s,54.0032486,-44d30m51.52s,-44.5143104,0.054812,-0.054812,0.0581363,-0.0581363,-52.90489,,,251.8698,,,-60.77312,,,30.85594,,,833.7162183,0.1220404,-0.1220404,745.286,0.11762,-0.11762,-373.673,0.138232,-0.138232,3.67278,0.000895,-0.000895,272.245,0.0660788,-0.0660788,,,,12.7,0.2,-0.2,7.523,0.02,-0.02,7.015,0.044,-0.044,6.61,0.021,-0.021,,,,,,,,,,,,,,,,,,,,,,,,,,,,10.9889,0.000945,-0.000945,,,,9.47068,0.0075428,-0.0075428,,,,2020-02-21 10:55:14,2020-03,2020-02-27,1,0,0,0,0,0,[ 3  4 30 31],,,
GJ 1132 c,357,GJ 1132,c,,,TIC 101955023,Gaia DR2 5413438219396893568,1,1,2,0,0,Radial Velocity,2018,<a refstr=FENG_ET_AL__2017 href=https://ui.adsabs.harvard.edu/abs/2017MNRAS.470.4794F/abstract target=ref>Feng et al. 2017</a>,2017-10,Ground,La Silla Observatory,3.6 m ESO Telescope,HARPS Spectrograph,1,0,0,0,0,0,0,0,0,0,Published Confirmed,0,<a refstr=BONFILS_ET_AL__2018 href=https://ui.adsabs.harvard.edu/abs/2018A&A...618A.142B/abstract target=ref>Bonfils et al. 2018</a>,8.929,0.01,-0.01,0,0.0476,0.0017,-0.0017,0,,,,,,,,,,,,,,,,,2.64,0.44,-0.44,0,0.00831,0.00138,-0.00138,0,,,,,,,,,2.64,0.44,-0.44,0,0.00831,0.00138,-0.00138,0,Msini,,,,,0.27,,,1,,,,,300,5,-5,0,,,,,,,,,,0,,,,,,,,,,,,,,,,,,,,,,,,,,,,,,,,,2.57,0.39,-0.39,0,,,,,,,,,<a refstr=BONFILS_ET_AL__2018 href=https://ui.adsabs.harvard.edu/abs/2018A&A...618A.142B/abstract target=ref>Bonfils et al. 2018</a>,,3270,140,-140,0,0.21,0.01,-0.01,0,0.18,0.02,-0.02,0,,,,,,-2.359,0.032,-0.035,0,,,,,,,,,,,,,,,,,122.3,6,-5,0,35.08,0,0,0,<a refstr=STASSUN_ET_AL__2019 href=https://ui.adsabs.harvard.edu/abs/2019AJ....158..138S/abstract target=ref>TICv8</a>,10h14m50.18s,153.7090696,-47d09m17.77s,-47.1549358,0.0334139,-0.0334139,0.0392354,-0.0392354,7.76021,,,277.2594,,,-52.41892,,,181.4455,,,1132.4832583,0.0750929,-0.0750929,-1053.98,0.0738738,-0.0738738,414.3,0.0825484,-0.0825484,12.613,0.007,-0.007,79.2543,0.0437672,-0.0437672,,,,13.68,0.2,-0.2,9.245,0.026,-0.026,8.666,0.031,-0.031,8.322,0.027,-0.027,,,,,,,,,,,,,,,,,,,,,,,,,,,,12.138,0.000387,-0.000387,,,,10.8372,0.0073203,-0.0073203,,,,2018-06-26 16:57:19,2018-10,2018-06-21,1,0,0,0,0,0,[ 9 10 36 63],,,
GJ 163 b,385,GJ 163,b,,HIP 19394,TIC 219221189,Gaia DR2 4780294722094459904,1,1,3,0,0,Radial Velocity,2013,<a refstr=BONFILS_ET_AL__2013 href=https://ui.adsabs.harvard.edu/abs/2013A%26A...556A.110B/abstract target=ref> Bonfils et al. 2013 </a>,2013-08,Ground,La Silla Observatory,3.6 m ESO Telescope,HARPS Spectrograph,1,0,0,0,0,0,0,0,0,0,Published Confirmed,0,<a refstr=BONFILS_ET_AL__2013 href=https://ui.adsabs.harvard.edu/abs/2013A%26A...556A.110B/abstract target=ref> Bonfils et al. 2013 </a>,8.63182,0.00155,-0.00155,0,0.0607,1E-05,-1E-05,0,,,,,,,,,,,,,,,,,10.6,0.6,-0.6,0,0.03335,0.00189,-0.00189,0,,,,,,,,,10.6,0.6,-0.6,0,0.03335,0.00189,-0.00189,0,Msini,,,,,0.073,0.05,-0.05,0,,,,,,,,,,,,,,,,,,0,,,,,,,,,,,,,,,,,,,,,,,,,2455042.553,0.01,-0.01,0,70.7,54.6,-54.6,0,6.13,0.33,-0.33,0,,,,,,,,,<a refstr=BONFILS_ET_AL__2013 href=https://ui.adsabs.harvard.edu/abs/2013A%26A...556A.110B/abstract target=ref> Bonfils et al. 2013 </a>,,,,,,,,,,,,,,,,,,,,,,,,,,,,,,,,,,,,,,,,,,,58.6,0,0,0,<a refstr=STASSUN_ET_AL__2019 href=https://ui.adsabs.harvard.edu/abs/2019AJ....158..138S/abstract target=ref>TICv8</a>,04h09m17.48s,62.3228353,-53d22m16.24s,-53.3711768,0.029159,-0.029159,0.0324035,-0.0324035,-45.32366,,,262.7818,,,-71.16685,,,30.83568,,,1198.1722566,0.0650636,-0.0650636,1046.14,0.0635731,-0.0635731,584.13,0.0696292,-0.0696292,15.1285,0.0072,-0.0072,66.0714,0.0314011,-0.0314011,,,,11.79,0.1,-0.1,7.948,0.026,-0.026,7.428,0.04,-0.04,7.135,0.021,-0.021,,,,,,,,,,,,,,,,,,,,,,,,,,,,10.6771,0.000792,-0.000792,,,,9.47061,0.0073415,-0.0073415,,,,2017-01-24 21:18:09,2013-08,2017-01-26,0,1,0,0,0,0,[ 3  4  5 30 31],,,
GJ 163 c,386,GJ 163,c,,HIP 19394,TIC 219221189,Gaia DR2 4780294722094459904,1,1,3,0,0,Radial Velocity,2013,<a refstr=BONFILS_ET_AL__2013 href=https://ui.adsabs.harvard.edu/abs/2013A%26A...556A.110B/abstract target=ref> Bonfils et al. 2013 </a>,2013-08,Ground,La Silla Observatory,3.6 m ESO Telescope,HARPS Spectrograph,1,0,0,0,0,0,0,0,0,0,Published Confirmed,0,<a refstr=BONFILS_ET_AL__2013 href=https://ui.adsabs.harvard.edu/abs/2013A%26A...556A.110B/abstract target=ref> Bonfils et al. 2013 </a>,25.63058,0.0255,-0.0255,0,0.1254,0.0001,-0.0001,0,,,,,,,,,,,,,,,,,6.8,0.9,-0.9,0,0.0214,0.00283,-0.00283,0,,,,,,,,,6.8,0.9,-0.9,0,0.0214,0.00283,-0.00283,0,Msini,,,,,0.099,0.086,-0.086,0,,,,,,,,,,,,,,,,,,0,,,,,,,,,,,,,,,,,,,,,,,,,2455057.7,4.8,-4.8,0,227,79.87,-79.87,0,2.75,0.35,-0.35,0,,,,,,,,,<a refstr=BONFILS_ET_AL__2013 href=https://ui.adsabs.harvard.edu/abs/2013A%26A...556A.110B/abstract target=ref> Bonfils et al. 2013 </a>,,,,,,,,,,,,,,,,,,,,,,,,,,,,,,,,,,,,,,,,,,,58.6,0,0,0,<a refstr=STASSUN_ET_AL__2019 href=https://ui.adsabs.harvard.edu/abs/2019AJ....158..138S/abstract target=ref>TICv8</a>,04h09m17.48s,62.3228353,-53d22m16.24s,-53.3711768,0.029159,-0.029159,0.0324035,-0.0324035,-45.32366,,,262.7818,,,-71.16685,,,30.83568,,,1198.1722566,0.0650636,-0.0650636,1046.14,0.0635731,-0.0635731,584.13,0.0696292,-0.0696292,15.1285,0.0072,-0.0072,66.0714,0.0314011,-0.0314011,,,,11.79,0.1,-0.1,7.948,0.026,-0.026,7.428,0.04,-0.04,7.135,0.021,-0.021,,,,,,,,,,,,,,,,,,,,,,,,,,,,10.6771,0.000792,-0.000792,,,,9.47061,0.0073415,-0.0073415,,,,2017-01-24 21:18:09,2013-08,2017-01-26,0,1,0,0,0,0,[ 3  4  5 30 31],,,
GJ 180 c,391,GJ 180,c,,HIP 22762,TIC 246902275,Gaia DR2 2979590513145784192,1,1,3,0,0,Radial Velocity,2014,<a refstr=TUOMI_ET_AL__2014 href=https://ui.adsabs.harvard.edu/abs/2014MNRAS.441.1545T/abstract target=ref>Tuomi et al. 2014</a>,2014-06,Ground,Multiple Observatories,Multiple Telescopes,Multiple Instruments,1,0,0,0,0,0,0,0,0,0,Published Confirmed,0,<a refstr=TUOMI_ET_AL__2014 href=https://ui.adsabs.harvard.edu/abs/2014MNRAS.441.1545T/abstract target=ref>Tuomi et al. 2014</a>,24.329,0.052,-0.066,0,0.129,0.007,-0.017,0,,,,,,,,,,,,,,,,,6.4,3.7,-4.1,0,0.02014,0.01164,-0.0129,0,,,,,,,,,6.4,3.7,-4.1,0,0.02014,0.01164,-0.0129,0,Msini,,,,,0.09,0.2,-0.09,0,,,,,,,,,,,,,,,,,,0,,,,,,,,,,,,,,,,,,,,,,,,,,,,,230,,,0,2.31,1.49,-1.39,0,,,,,,,,,<a refstr=TUOMI_ET_AL__2014 href=https://ui.adsabs.harvard.edu/abs/2014MNRAS.441.1545T/abstract target=ref>Tuomi et al. 2014</a>,M2 V,3371,,,0,,,,,0.43,,,0,,,,,,-1.886,,,0,,,,,,,,,,,,,,,,,,,,,,,,,<a refstr=STASSUN_ET_AL__2019 href=https://ui.adsabs.harvard.edu/abs/2019AJ....158..138S/abstract target=ref>TICv8</a>,04h53m50.42s,73.460097,-17d46m34.30s,-17.776194,0.0200741,-0.0200741,0.0208153,-0.0208153,-33.7281,,,216.9657,,,-40.02928,,,69.26292,,,763.0623234,0.0408068,-0.0408068,408.571,0.0395916,-0.0395916,-644.464,0.0412851,-0.0412851,11.9407,0.0045,-0.0045,83.7182,0.0313472,-0.0313472,12.436,0.036,-0.036,10.914,0.026,-0.026,7.413,0.02,-0.02,6.86,0.038,-0.038,6.598,0.021,-0.021,,,,,,,,,,,,,,,,,,,,,,,,,,,,9.93395,0.000396,-0.000396,,,,8.8249,0.0072959,-0.0072959,,,,2019-10-04 15:24:24,2014-06,2019-10-10,0,1,0,1,0,0,[ 5 32],,,
GJ 273 b,398,GJ 273,b,,HIP 36208,TIC 318686860,,1,1,2,0,0,Radial Velocity,2017,<a refstr=ASTUDILLO_DEFRU_ET_AL__2017 href=https://ui.adsabs.harvard.edu/abs/2017A&A...602A..88A/abstract target=ref>Astudillo-Defru et al. 2017</a>,2017-06,Ground,La Silla Observatory,3.6 m ESO Telescope,HARPS Spectrograph,1,0,0,0,0,0,0,0,0,0,Published Confirmed,0,<a refstr=ASTUDILLO_DEFRU_ET_AL__2017 href=https://ui.adsabs.harvard.edu/abs/2017A&A...602A..88A/abstract target=ref>Astudillo-Defru et al. 2017</a>,18.6498,0.0059,-0.0052,0,0.091101,1.9E-05,-1.7E-05,0,,,,,,,,,,,,,,,,,2.89,0.27,-0.26,0,0.00909,0.00085,-0.00082,0,,,,,,,,,2.89,0.27,-0.26,0,0.00909,0.00085,-0.00082,0,Msini,,,,,0.1,0.09,-0.07,0,1.06,,,0,,,,,,,,,,,,,,0,,,,,,,,,,,,,,,,,,,,,,,,,,,,,,,,,1.61,0.15,-0.15,0,,,,,,,,,<a refstr=ASTUDILLO_DEFRU_ET_AL__2017 href=https://ui.adsabs.harvard.edu/abs/2017A&A...602A..88A/abstract target=ref>Astudillo-Defru et al. 2017</a>,M3.5,3382,49,-49,0,0.29,0.03,-0.03,0,0.29,,,0,0.09,0.17,-0.17,0,[Fe/H],-2.056,0.243,-0.602,0,,,,,,,,,,,,,,,,,99,,,0,18.41,0,0,0,<a refstr=STASSUN_ET_AL__2019 href=https://ui.adsabs.harvard.edu/abs/2019AJ....158..138S/abstract target=ref>TICv8</a>,07h27m24.50s,111.852091,+05d13m32.91s,5.225807,60,-60,60,-60,10.37354,,,212.3446,,,-16.50483,,,112.7427,,,3737.8706505,8,-8,571,8,-8,-3694,8,-8,5.921535,0.0206332,-0.0206332,263.26,1.43,-1.43,11.313,0.063,-0.063,9.84,0.1,-0.1,5.714,0.032,-0.032,5.219,0.063,-0.063,4.857,0.023,-0.023,,,,,,,,,,,,,,,,,,,,,,,,,,,,,,,,,,7.308,0.033,-0.033,,,,2017-03-29 11:04:45,2017-06,2017-03-30,0,1,0,1,0,0,[7],,,
GJ 273 c,399,GJ 273,c,,HIP 36208,TIC 318686860,,1,1,2,0,0,Radial Velocity,2017,<a refstr=ASTUDILLO_DEFRU_ET_AL__2017 href=https://ui.adsabs.harvard.edu/abs/2017A&A...602A..88A/abstract target=ref>Astudillo-Defru et al. 2017</a>,2017-06,Ground,La Silla Observatory,3.6 m ESO Telescope,HARPS Spectrograph,1,0,0,0,0,0,0,0,0,0,Published Confirmed,0,<a refstr=ASTUDILLO_DEFRU_ET_AL__2017 href=https://ui.adsabs.harvard.edu/abs/2017A&A...602A..88A/abstract target=ref>Astudillo-Defru et al. 2017</a>,4.7234,0.0004,-0.0004,0,0.036467,2E-06,-2E-06,0,,,,,,,,,,,,,,,,,1.18,0.16,-0.16,0,0.00371,0.0005,-0.0005,0,,,,,,,,,1.18,0.16,-0.16,0,0.00371,0.0005,-0.0005,0,Msini,,,,,0.17,0.13,-0.12,0,6.66,,,0,,,,,,,,,,,,,,0,,,,,,,,,,,,,,,,,,,,,,,,,,,,,,,,,1.06,0.15,-0.15,0,,,,,,,,,<a refstr=ASTUDILLO_DEFRU_ET_AL__2017 href=https://ui.adsabs.harvard.edu/abs/2017A&A...602A..88A/abstract target=ref>Astudillo-Defru et al. 2017</a>,M3.5,3382,49,-49,0,0.29,0.03,-0.03,0,0.29,,,0,0.09,0.17,-0.17,0,[Fe/H],-2.056,0.243,-0.602,0,,,,,,,,,,,,,,,,,99,,,0,18.41,0,0,0,<a refstr=STASSUN_ET_AL__2019 href=https://ui.adsabs.harvard.edu/abs/2019AJ....158..138S/abstract target=ref>TICv8</a>,07h27m24.50s,111.852091,+05d13m32.91s,5.225807,60,-60,60,-60,10.37354,,,212.3446,,,-16.50483,,,112.7427,,,3737.8706505,8,-8,571,8,-8,-3694,8,-8,5.921535,0.0206332,-0.0206332,263.26,1.43,-1.43,11.313,0.063,-0.063,9.84,0.1,-0.1,5.714,0.032,-0.032,5.219,0.063,-0.063,4.857,0.023,-0.023,,,,,,,,,,,,,,,,,,,,,,,,,,,,,,,,,,7.308,0.033,-0.033,,,,2017-03-29 11:04:45,2017-06,2017-03-30,0,1,0,1,0,0,[7],,,
GJ 3138 b,402,GJ 3138,b,,HIP 10037,TIC 632528291,Gaia DR2 5144740907820131840,1,1,3,0,0,Radial Velocity,2017,<a refstr=ASTUDILLO_DEFRU_ET_AL__2017 href=https://ui.adsabs.harvard.edu/abs/2017A&A...602A..88A/abstract target=ref>Astudillo-Defru et al. 2017</a>,2017-06,Ground,La Silla Observatory,3.6 m ESO Telescope,HARPS Spectrograph,1,0,0,0,0,0,0,0,0,0,Published Confirmed,0,<a refstr=ASTUDILLO_DEFRU_ET_AL__2017 href=https://ui.adsabs.harvard.edu/abs/2017A&A...602A..88A/abstract target=ref>Astudillo-Defru et al. 2017</a>,1.22003,6E-05,-4E-05,0,0.0197,0.0005,-0.0005,0,,,,,,,,,,,,,,,,,1.78,0.34,-0.33,0,0.0056,0.00107,-0.00104,0,,,,,,,,,1.78,0.34,-0.33,0,0.0056,0.00107,-0.00104,0,Msini,,,,,0.19,0.18,-0.13,0,118.1,,,0,,,,,,,,,,,,,,0,,,,,,,,,,,,,,,,,,,,,,,,,,,,,,,,,1.43,0.27,-0.26,0,,,,,,,,,<a refstr=ASTUDILLO_DEFRU_ET_AL__2017 href=https://ui.adsabs.harvard.edu/abs/2017A&A...602A..88A/abstract target=ref>Astudillo-Defru et al. 2017</a>,M0,3717,49,-49,0,0.5,0.03,-0.03,0,0.68,,,0,-0.3,0.12,-0.12,0,[Fe/H],-1.347,0.063,-0.073,0,,,,,,,,,,,,,,,,,42.5,,,0,13.6,0,0,0,<a refstr=STASSUN_ET_AL__2019 href=https://ui.adsabs.harvard.edu/abs/2019AJ....158..138S/abstract target=ref>TICv8</a>,02h09m11.46s,32.2977385,-16d20m21.30s,-16.3392495,0.0351278,-0.0351278,0.0323378,-0.0323378,-69.01208,,,185.9956,,,-27.51997,,,23.84291,,,522.3937499,0.0727056,-0.0727056,516.324,0.0728444,-0.0728444,79.4025,0.0665743,-0.0665743,28.4712,0.03505,-0.03505,35.0943,0.0429314,-0.0429314,,,,10.8275,0.0459,-0.0459,,,,,,,,,,,,,,,,,,,,,,,,,,,,,,,,,,,,,10.1924,0.000629,-0.000629,,,,11.075,0.0474324,-0.0474324,,,,2017-03-29 11:04:44,2017-06,2017-03-30,0,1,0,0,0,0,[ 3 30],,,
GJ 3138 c,403,GJ 3138,c,,HIP 10037,TIC 632528291,Gaia DR2 5144740907820131840,1,1,3,0,0,Radial Velocity,2017,<a refstr=ASTUDILLO_DEFRU_ET_AL__2017 href=https://ui.adsabs.harvard.edu/abs/2017A&A...602A..88A/abstract target=ref>Astudillo-Defru et al. 2017</a>,2017-06,Ground,La Silla Observatory,3.6 m ESO Telescope,HARPS Spectrograph,1,0,0,0,0,0,0,0,0,0,Published Confirmed,0,<a refstr=ASTUDILLO_DEFRU_ET_AL__2017 href=https://ui.adsabs.harvard.edu/abs/2017A&A...602A..88A/abstract target=ref>Astudillo-Defru et al. 2017</a>,5.974,0.001,-0.001,0,0.057,0.001,-0.001,0,,,,,,,,,,,,,,,,,4.18,0.61,-0.59,0,0.01315,0.00192,-0.00186,0,,,,,,,,,4.18,0.61,-0.59,0,0.01315,0.00192,-0.00186,0,Msini,,,,,0.11,0.11,-0.07,0,13.9,,,0,,,,,,,,,,,,,,0,,,,,,,,,,,,,,,,,,,,,,,,,,,,,,,,,1.93,0.26,-0.26,0,,,,,,,,,<a refstr=ASTUDILLO_DEFRU_ET_AL__2017 href=https://ui.adsabs.harvard.edu/abs/2017A&A...602A..88A/abstract target=ref>Astudillo-Defru et al. 2017</a>,M0,3717,49,-49,0,0.5,0.03,-0.03,0,0.68,,,0,-0.3,0.12,-0.12,0,[Fe/H],-1.347,0.063,-0.073,0,,,,,,,,,,,,,,,,,42.5,,,0,13.6,0,0,0,<a refstr=STASSUN_ET_AL__2019 href=https://ui.adsabs.harvard.edu/abs/2019AJ....158..138S/abstract target=ref>TICv8</a>,02h09m11.46s,32.2977385,-16d20m21.30s,-16.3392495,0.0351278,-0.0351278,0.0323378,-0.0323378,-69.01208,,,185.9956,,,-27.51997,,,23.84291,,,522.3937499,0.0727056,-0.0727056,516.324,0.0728444,-0.0728444,79.4025,0.0665743,-0.0665743,28.4712,0.03505,-0.03505,35.0943,0.0429314,-0.0429314,,,,10.8275,0.0459,-0.0459,,,,,,,,,,,,,,,,,,,,,,,,,,,,,,,,,,,,,10.1924,0.000629,-0.000629,,,,11.075,0.0474324,-0.0474324,,,,2017-03-29 11:04:44,2017-06,2017-03-30,0,1,0,0,0,0,[ 3 30],,,
GJ 3293 e,417,GJ 3293,e,,,TIC 178872239,Gaia DR2 4893118771316702720,1,1,4,0,0,Radial Velocity,2017,<a refstr=ASTUDILLO_DEFRU_ET_AL__2017 href=https://ui.adsabs.harvard.edu/abs/2017A&A...602A..88A/abstract target=ref>Astudillo-Defru et al. 2017</a>,2017-06,Ground,La Silla Observatory,3.6 m ESO Telescope,HARPS Spectrograph,1,0,0,0,0,0,0,0,0,0,Published Confirmed,0,<a refstr=ASTUDILLO_DEFRU_ET_AL__2017 href=https://ui.adsabs.harvard.edu/abs/2017A&A...602A..88A/abstract target=ref>Astudillo-Defru et al. 2017</a>,13.2543,0.0078,-0.0104,0,0.08208,3E-05,-4E-05,0,,,,,,,,,,,,,,,,,3.28,0.64,-0.64,0,0.01032,0.00201,-0.00201,0,,,,,,,,,3.28,0.64,-0.64,0,0.01032,0.00201,-0.00201,0,Msini,,,,,0.21,0.2,-0.14,0,3.34,,,0,,,,,,,,,,,,,,0,,,,,,,,,,,,,,,,,,,,,,,,,,,,,,,,,1.658,0.328,-0.321,0,,,,,,,,,<a refstr=ASTUDILLO_DEFRU_ET_AL__2017 href=https://ui.adsabs.harvard.edu/abs/2017A&A...602A..88A/abstract target=ref>Astudillo-Defru et al. 2017</a>,M2.5,3466,49,-49,0,0.4,0.03,-0.03,0,0.42,,,0,0.02,0.09,-0.09,0,[Fe/H],-1.658,0.114,-0.044,0,,,,,,,,,,,,,,,,,41,,,0,13.3,0,0,0,<a refstr=STASSUN_ET_AL__2019 href=https://ui.adsabs.harvard.edu/abs/2019AJ....158..138S/abstract target=ref>TICv8</a>,04h28m35.63s,67.1484425,-25d10m16.82s,-25.1713396,0.0318873,-0.0318873,0.0394122,-0.0394122,-41.61211,,,223.5389,,,-46.21611,,,59.47292,,,492.2542799,0.0805598,-0.0805598,-81.4263,0.0682904,-0.0682904,-485.473,0.080878,-0.080878,20.1903,0.0216,-0.0216,49.4999,0.0524984,-0.0524984,13.436,0.033,-0.033,11.945,0.037,-0.037,8.362001,0.024,-0.024,7.749,0.038,-0.038,7.486,0.033,-0.033,,,,,,,,,,,,,,,,,,,,,,,,,,,,10.9788,0.000878,-0.000878,,,,9.82063,0.0073072,-0.0073072,,,,2017-03-29 11:04:46,2017-06,2017-03-30,0,0,0,0,0,0,[ 5 31 32],,,
GJ 3323 b,418,GJ 3323,b,,,TIC 43605290,Gaia DR2 3187115498866675456,1,1,2,0,0,Radial Velocity,2017,<a refstr=ASTUDILLO_DEFRU_ET_AL__2017 href=https://ui.adsabs.harvard.edu/abs/2017A&A...602A..88A/abstract target=ref>Astudillo-Defru et al. 2017</a>,2017-06,Ground,La Silla Observatory,3.6 m ESO Telescope,HARPS Spectrograph,1,0,0,0,0,0,0,0,0,0,Published Confirmed,0,<a refstr=ASTUDILLO_DEFRU_ET_AL__2017 href=https://ui.adsabs.harvard.edu/abs/2017A&A...602A..88A/abstract target=ref>Astudillo-Defru et al. 2017</a>,5.3636,0.0007,-0.0007,0,0.03282,0.00054,-0.00056,0,,,,,,,,,,,,,,,,,2.02,0.26,-0.25,0,0.00636,0.00082,-0.00079,0,,,,,,,,,2.02,0.26,-0.25,0,0.00636,0.00082,-0.00079,0,Msini,,,,,0.23,0.11,-0.11,0,2.58,,,0,,,,,,,,,,,,,,0,,,,,,,,,,,,,,,,,,,,,,,,,,,,,,,,,2.55,0.33,-0.32,0,,,,,,,,,<a refstr=ASTUDILLO_DEFRU_ET_AL__2017 href=https://ui.adsabs.harvard.edu/abs/2017A&A...602A..88A/abstract target=ref>Astudillo-Defru et al. 2017</a>,M4,3159,49,-49,0,0.12,0.03,-0.03,0,0.16,,,0,-0.27,0.09,-0.09,0,[Fe/H],-2.569,0.537,-1.431,0,,,,,,,,,,,,,,,,,33,,,0,42.45,0,0,0,<a refstr=STASSUN_ET_AL__2019 href=https://ui.adsabs.harvard.edu/abs/2019AJ....158..138S/abstract target=ref>TICv8</a>,05h01m56.85s,75.4868824,-06d56m54.65s,-6.9485133,0.0433708,-0.0433708,0.0381231,-0.0381231,-27.47127,,,206.4304,,,-29.55243,,,73.38623,,,767.7791462,0.09139,-0.09139,-551.722,0.0987416,-0.0987416,-533.936,0.0828232,-0.0828232,5.37484,0.00172,-0.00172,186.023,0.059027,-0.059027,,,,12.57,0.2,-0.2,7.617,0.032,-0.032,7.065,0.046,-0.046,6.736,0.024,-0.024,,,,,,,,,,,,,,,,,,,,,,,,,,,,10.6467,0.000647,-0.000647,,,,9.4284,0.006,-0.006,,,,2017-03-29 11:04:44,2017-06,2017-03-30,0,0,0,0,0,0,[ 5 32],,,
GJ 3473 c,433,GJ 3473,c,,,TIC 452866790,Gaia DR2 3094290054327367168,1,2,2,0,0,Radial Velocity,2020,<a refstr=KEMMER_ET_AL__2020 href=https://ui.adsabs.harvard.edu/abs/2020arXiv200910432K/abstract target=ref>Kemmer et al. 2020</a>,2020-09,Ground,Multiple Observatories,Multiple Telescopes,Multiple Instruments,1,0,0,0,0,0,0,0,0,0,Published Confirmed,0,<a refstr=KEMMER_ET_AL__2020 href=https://ui.adsabs.harvard.edu/abs/2020arXiv200910432K/abstract target=ref>Kemmer et al. 2020</a>,15.509,0.033,-0.033,0,0.0876,0.0035,-0.0034,0,,,,,,,,,,,,,,,,,7.41,0.91,-0.86,0,0.02331,0.00286,-0.00271,0,,,,,,,,,7.41,0.91,-0.86,0,0.02331,0.00286,-0.00271,0,Msini,,,,,0,,,0,1.95,0.17,-0.15,0,329,7,-6,0,,,,,,,,,,0,,,,,,,,,,,,,,,,,,,,,,,,,,,,,,,,,3.75,0.45,-0.42,0,,,,,,,,,<a refstr=KEMMER_ET_AL__2020 href=https://ui.adsabs.harvard.edu/abs/2020arXiv200910432K/abstract target=ref>Kemmer et al. 2020</a>,,3347,54,-54,0,0.36,0.01,-0.01,0,0.36,0.02,-0.02,0,0.11,0.19,-0.19,0,[Fe/H],-1.824,0.005,-0.006,0,4.81,0.06,-0.06,0,,,,,10.93,0.66,-0.69,0,2,,,1,168.3,4.2,-4.2,0,-1.1,0.01,-0.01,0,<a refstr=STASSUN_ET_AL__2019 href=https://ui.adsabs.harvard.edu/abs/2019AJ....158..138S/abstract target=ref>TICv8</a>,08h02m22.47s,120.5936065,+03d20m13.79s,3.3371629,0.0390496,-0.0390496,0.0238824,-0.0238824,17.29028,,,218.15,,,-16.76125,,,122.0496,,,554.7223327,0.0704113,-0.0704113,-403.168,0.0856354,-0.0856354,-381.015,0.0479354,-0.0479354,27.3644,0.0376,-0.0376,36.515,0.0498293,-0.0498293,15.241,0.053,-0.053,13.74,0.027,-0.027,9.627,0.023,-0.023,9.063,0.022,-0.022,8.829001,0.024,-0.024,16.895,0.0083254,-0.0083254,15.4319,0.0057415,-0.0057415,13.2912,0.002163,-0.002163,11.9009,0.0007628,-0.0007628,11.4704,0.0040229,-0.0040229,,,,,,,,,,,,,12.465,0.000343,-0.000343,,,,11.1972,0.0073095,-0.0073095,,,,2020-10-16 10:32:11,2020-09,2020-10-22,1,0,0,0,0,0,[ 7 34 61],,,
GJ 357 c,437,GJ 357,c,,HIP 47103,TIC 413248763,Gaia DR2 5664814198431308288,1,1,3,0,0,Radial Velocity,2019,<a refstr=LUQUE_ET_AL__2019 href=https://ui.adsabs.harvard.edu/abs/2019A&A...628A..39L/abstract target=ref>Luque et al. 2019</a>,2019-08,Multiple Locales,Multiple Observatories,Multiple Telescopes,Multiple Instruments,1,0,0,0,0,0,0,0,0,0,Published Confirmed,0,<a refstr=LUQUE_ET_AL__2019 href=https://ui.adsabs.harvard.edu/abs/2019A&A...628A..39L/abstract target=ref>Luque et al. 2019</a>,9.1247,0.0011,-0.001,0,0.061,0.004,-0.004,0,,,,,,,,,,,,,,,,,3.4,0.46,-0.46,0,0.0107,0.00145,-0.00145,0,,,,,,,,,3.4,0.46,-0.46,0,0.0107,0.00145,-0.00145,0,Msini,,,,,,,,,4.45,0.14,-0.14,0,401,11,-11,0,,,,,,,,,,0,,,,,,,,,,,,,,,,,,,,,,,,,,,,,,,,,2.13,0.28,-0.28,0,,,,,,,,,<a refstr=LUQUE_ET_AL__2019 href=https://ui.adsabs.harvard.edu/abs/2019A&A...628A..39L/abstract target=ref>Luque et al. 2019</a>,M2.5 V,3505,51,-51,0,0.34,0.01,-0.01,0,0.34,0.01,-0.01,0,-0.12,0.16,-0.16,0,[Fe/H],-1.798,0.01,-0.01,0,4.94,0.07,-0.07,0,,,,,13.6,1.4,-1.6,0,2,,,1,,,,,,,,,<a refstr=STASSUN_ET_AL__2019 href=https://ui.adsabs.harvard.edu/abs/2019AJ....158..138S/abstract target=ref>TICv8</a>,09h36m01.79s,144.0074644,-21d39m54.23s,-21.6650634,0.0517183,-0.0517183,0.0448711,-0.0448711,22.08297,,,253.8847,,,-33.77371,,,154.7718,,,999.9759509,0.0835821,-0.0835821,138.694,0.100166,-0.100166,-990.311,0.0832238,-0.0832238,9.44181,0.00511,-0.00511,105.883,0.0568648,-0.0568648,12.355,0.153,-0.153,10.91,0.1,-0.1,7.337,0.034,-0.034,6.74,0.033,-0.033,6.475,0.017,-0.017,,,,,,,,,,,,,,,,,,,,,,,,,,,,9.88036,0.00144,-0.00144,,,,8.74094,0.0074085,-0.0074085,,,,2019-07-29 18:06:24,2019-08,2019-08-01,0,1,0,1,0,0,[ 8 35 62],,,
GJ 682 b,513,GJ 682,b,,HIP 86214,TIC 16909043,Gaia DR2 5955305209191546112,1,1,2,0,0,Radial Velocity,2014,<a refstr=TUOMI_ET_AL__2014 href=https://ui.adsabs.harvard.edu/abs/2014MNRAS.441.1545T/abstract target=ref>Tuomi et al. 2014</a>,2014-06,Ground,Multiple Observatories,Multiple Telescopes,Multiple Instruments,1,0,0,0,0,0,0,0,0,0,Published Confirmed,0,<a refstr=TUOMI_ET_AL__2014 href=https://ui.adsabs.harvard.edu/abs/2014MNRAS.441.1545T/abstract target=ref>Tuomi et al. 2014</a>,17.478,0.062,-0.04,0,0.08,0.014,-0.004,0,,,,,,,,,,,,,,,,,4.4,3.7,-2.4,0,0.01384,0.01164,-0.00755,0,,,,,,,,,4.4,3.7,-2.4,0,0.01384,0.01164,-0.00755,0,Msini,,,,,0.08,0.19,-0.08,0,,,,,,,,,,,,,,,,,,0,,,,,,,,,,,,,,,,,,,,,,,,,,,,,86,,,0,2.99,1.58,-1.85,0,,,,,,,,,<a refstr=TUOMI_ET_AL__2014 href=https://ui.adsabs.harvard.edu/abs/2014MNRAS.441.1545T/abstract target=ref>Tuomi et al. 2014</a>,M3.5 V,3028,,,0,,,,,0.27,,,0,,,,,,-2.699,,,0,,,,,,,,,,,,,,,,,,,,,,,,,<a refstr=STASSUN_ET_AL__2019 href=https://ui.adsabs.harvard.edu/abs/2019AJ....158..138S/abstract target=ref>TICv8</a>,17h37m02.65s,264.2610245,-44d19m23.71s,-44.3232519,0.0968506,-0.0968506,0.0767592,-0.0767592,-6.634735,,,345.9857,,,-20.9673,,,265.6091,,,1174.0017621,0.1491618,-0.1491618,-706.117,0.185091,-0.185091,-937.912,0.124267,-0.124267,5.00671,0.0021,-0.0021,199.703,0.0832292,-0.0832292,1.931,0.047,-0.047,10.94,0.1,-0.1,6.544,0.023,-0.023,5.917,0.038,-0.038,5.606,0.02,-0.02,,,,,,,,,,,,,,,,,,,,,,,,,,,,9.57025,0.001221,-0.001221,,,,8.24607,0.0077153,-0.0077153,,,,2019-10-04 15:24:25,2014-06,2019-10-10,0,1,0,0,0,0,[12 39 66],,,
HD 109271 b,1090,HD 109271,b,HD 109271,HIP 61300,TIC 429301734,Gaia DR2 3578137838413202688,1,1,2,0,0,Radial Velocity,2013,<a refstr=LO_CURTO_ET_AL__2013 href=https://ui.adsabs.harvard.edu/abs/2013A%26A...551A..59L/abstract target=ref> Lo Curto et al. 2013 </a>,2013-03,Ground,La Silla Observatory,3.6 m ESO Telescope,HARPS Spectrograph,1,0,0,0,0,0,0,0,0,0,Published Confirmed,0,<a refstr=LO_CURTO_ET_AL__2013 href=https://ui.adsabs.harvard.edu/abs/2013A%26A...551A..59L/abstract target=ref> Lo Curto et al. 2013 </a>,7.8543,0.0009,-0.0009,0,0.079,0.001,-0.001,0,,,,,,,,,,,,,,,,,17.162,1.271,-1.271,0,0.054,0.004,-0.004,0,,,,,,,,,17.162,1.271,-1.271,0,0.054,0.004,-0.004,0,Msini,,,,,0.25,0.08,-0.08,0,,,,,,,,,,,,,,,,,,0,,,,,,,,,,,,,,,,,,,,,,,,,2455719.1,3.6,-3.6,0,-64,20,-20,0,5.6,0.5,-0.5,0,,,,,,,,,<a refstr=LO_CURTO_ET_AL__2013 href=https://ui.adsabs.harvard.edu/abs/2013A%26A...551A..59L/abstract target=ref> Lo Curto et al. 2013 </a>,G5 V,5783,62,-62,0,,,,,1.05,0.02,-0.02,0,0.1,0.05,-0.05,0,[Fe/H],0.301,0.061,-0.071,0,4.28,0.1,-0.1,0,7.3,1.2,-1.2,0,,,,,2.7,,,0,,,,,-4.9,0,0,0,<a refstr=STASSUN_ET_AL__2019 href=https://ui.adsabs.harvard.edu/abs/2019AJ....158..138S/abstract target=ref>TICv8</a>,12h33m35.38s,188.397397,-11d37m17.47s,-11.6215204,0.0492283,-0.0492283,0.0527292,-0.0527292,51.00873,,,295.9768,,,-7.349625,,,192.3062,,,187.9832255,0.1128115,-0.1128115,-169.693,0.113884,-0.113884,80.8825,0.107964,-0.107964,55.8716,0.2075,-0.2075,17.8697,0.065985,-0.065985,8.714,0.027,-0.027,8.04,0.03,-0.03,6.855,0.026,-0.026,6.555,0.026,-0.026,6.495,0.026,-0.026,,,,,,,,,,,,,,,,6.496,0.077,-0.077,6.411,0.024,-0.024,6.5,0.016,-0.016,6.451,0.065,-0.065,7.87816,0.000289,-0.000289,,,,7.4446,0.006,-0.006,,,,2014-05-14,2013-03,2014-05-14,0,1,0,0,0,0,[10 46],,,
HD 134060 b,1212,HD 134060,b,HD 134060,HIP 74273,TIC 454901855,Gaia DR2 5876112300125320448,1,1,2,0,0,Radial Velocity,2019,<a refstr=UDRY_ET_AL__2019 href=https://ui.adsabs.harvard.edu/abs/2019A&A...622A..37U/abstract target=ref>Udry et al. 2019</a>,2019-02,Ground,La Silla Observatory,3.6 m ESO Telescope,HARPS Spectrograph,1,0,0,0,0,0,0,0,0,0,Published Confirmed,0,<a refstr=UDRY_ET_AL__2019 href=https://ui.adsabs.harvard.edu/abs/2019A&A...622A..37U/abstract target=ref>Udry et al. 2019</a>,3.2696,0.0001,-0.0001,0,0.0444,0.0013,-0.0014,0,,,,,,,,,,,,,,,,,10.1,0.79,-0.75,0,0.0318,0.0025,-0.0024,0,,,,,,,,,10.1,0.79,-0.75,0,0.0318,0.0025,-0.0024,0,Msini,,,,,0.45,0.04,-0.04,0,,,,,,,,,,,,,,,,,BJD,0,,,,,,,,,,,,,,,,,,,,,,,,,2455499.6542,0.042,-0.0407,0,-98.23,6.61,-6.75,0,4.61,0.22,-0.22,0,,,,,,,,,<a refstr=UDRY_ET_AL__2019 href=https://ui.adsabs.harvard.edu/abs/2019A&A...622A..37U/abstract target=ref>Udry et al. 2019</a>,G3 IV,5966,14,-14,0,,,,,1.09,,,0,0.14,0.01,-0.01,0,[Fe/H],0.158,0.006,-0.006,0,4.43,0.03,-0.03,0,,,,,,,,,2.6,,,0,23,2.9,-2.9,0,,,,,<a refstr=STASSUN_ET_AL__2019 href=https://ui.adsabs.harvard.edu/abs/2019AJ....158..138S/abstract target=ref>TICv8</a>,15h10m44.34s,227.6847587,-61d25m20.55s,-61.4223747,0.0322018,-0.0322018,0.0265112,-0.0265112,-2.921124,,,318.807,,,-41.68237,,,244.4579,,,185.9811074,0.0443127,-0.0443127,-185.588,0.0442778,-0.0442778,-12.0858,0.0518963,-0.0518963,24.0125,0.02035,-0.02035,41.616,0.0350929,-0.0350929,6.907,0.022,-0.022,6.29,0.03,-0.03,5.214,0.023,-0.023,5.022,0.061,-0.061,4.836,0.026,-0.026,,,,,,,,,,,,,,,,4.83,0.199,-0.199,4.677,0.082,-0.082,4.874,0.015,-0.015,4.826,0.027,-0.027,6.13951,0.0005419,-0.0005419,,,,5.7308,0.006,-0.006,,,,2019-02-05 09:35:38,2019-02,2019-02-07,0,1,0,1,0,0,[38 39 65],,,
HD 136352 b,1219,HD 136352,b,HD 136352,HIP 75181,TIC 136916387,Gaia DR2 5902750168276592256,1,1,3,0,0,Radial Velocity,2019,<a refstr=UDRY_ET_AL__2019 href=https://ui.adsabs.harvard.edu/abs/2019A&A...622A..37U/abstract target=ref>Udry et al. 2019</a>,2019-02,Ground,La Silla Observatory,3.6 m ESO Telescope,HARPS Spectrograph,1,0,0,0,0,0,0,0,0,0,Published Confirmed,0,<a refstr=UDRY_ET_AL__2019 href=https://ui.adsabs.harvard.edu/abs/2019A&A...622A..37U/abstract target=ref>Udry et al. 2019</a>,11.5824,0.0024,-0.0025,0,0.0934,0.0037,-0.004,0,,,,,,,,,,,,,,,,,4.81,0.59,-0.56,0,0.0151,0.0018,-0.0018,0,,,,,,,,,4.81,0.59,-0.56,0,0.0151,0.0018,-0.0018,0,Msini,,,,,0.14,0.08,-0.08,0,,,,,,,,,,,,,,,,,BJD,0,,,,,,,,,,,,,,,,,,,,,,,,,2455496.7009,1.1393,-1.2084,0,-185.64,35.97,-37.67,0,1.59,0.13,-0.13,0,,,,,,,,,<a refstr=UDRY_ET_AL__2019 href=https://ui.adsabs.harvard.edu/abs/2019A&A...622A..37U/abstract target=ref>Udry et al. 2019</a>,G4 V,5664,14,-14,0,,,,,0.81,,,0,-0.34,0.01,-0.01,0,[Fe/H],-0.004,0.004,-0.004,0,4.39,0.02,-0.02,0,,,,,,,,,1,,,1,23.8,3.1,-3.1,0,,,,,<a refstr=STASSUN_ET_AL__2019 href=https://ui.adsabs.harvard.edu/abs/2019AJ....158..138S/abstract target=ref>TICv8</a>,15h21m45.63s,230.4401147,-48d19m07.74s,-48.3188174,0.068131,-0.068131,0.0570391,-0.0570391,7.378201,,,327.0773,,,-28.76696,,,241.1152,,,1647.3395676,0.1676637,-0.1676637,-1624.05,0.168556,-0.168556,-276.024,0.133136,-0.133136,14.682,0.01985,-0.01985,68.0818,0.0914699,-0.0914699,6.282,0.021,-0.021,5.65,0.03,-0.03,4.308,0.226,-0.226,3.898,0.192,-0.192,4.159,0.036,-0.036,,,,,,,,,,,,,,,,,,,,,,,,,,,,5.48495,0.0015675,-0.0015675,,,,5.0494,0.0062,-0.0062,,,,2019-02-05 09:35:40,2019-02,2019-02-07,0,1,1,3,0,0,[12 38 65],,,
HD 136352 c,1220,HD 136352,c,HD 136352,HIP 75181,TIC 136916387,Gaia DR2 5902750168276592256,1,1,3,0,0,Radial Velocity,2019,<a refstr=UDRY_ET_AL__2019 href=https://ui.adsabs.harvard.edu/abs/2019A&A...622A..37U/abstract target=ref>Udry et al. 2019</a>,2019-02,Ground,La Silla Observatory,3.6 m ESO Telescope,HARPS Spectrograph,1,0,0,0,0,0,0,0,0,0,Published Confirmed,0,<a refstr=UDRY_ET_AL__2019 href=https://ui.adsabs.harvard.edu/abs/2019A&A...622A..37U/abstract target=ref>Udry et al. 2019</a>,27.5821,0.0089,-0.0086,0,0.1666,0.0066,-0.0072,0,,,,,,,,,,,,,,,,,10.8,1.08,-1.05,0,0.034,0.0034,-0.0033,0,,,,,,,,,10.8,1.08,-1.05,0,0.034,0.0034,-0.0033,0,Msini,,,,,0.04,0.05,-0.03,0,,,,,,,,,,,,,,,,,BJD,0,,,,,,,,,,,,,,,,,,,,,,,,,2455490.0572,5.7741,-5.8036,0,-110.22,74.58,-75.76,0,2.65,0.14,-0.14,0,,,,,,,,,<a refstr=UDRY_ET_AL__2019 href=https://ui.adsabs.harvard.edu/abs/2019A&A...622A..37U/abstract target=ref>Udry et al. 2019</a>,G4 V,5664,14,-14,0,,,,,0.81,,,0,-0.34,0.01,-0.01,0,[Fe/H],-0.004,0.004,-0.004,0,4.39,0.02,-0.02,0,,,,,,,,,1,,,1,23.8,3.1,-3.1,0,,,,,<a refstr=STASSUN_ET_AL__2019 href=https://ui.adsabs.harvard.edu/abs/2019AJ....158..138S/abstract target=ref>TICv8</a>,15h21m45.63s,230.4401147,-48d19m07.74s,-48.3188174,0.068131,-0.068131,0.0570391,-0.0570391,7.378201,,,327.0773,,,-28.76696,,,241.1152,,,1647.3395676,0.1676637,-0.1676637,-1624.05,0.168556,-0.168556,-276.024,0.133136,-0.133136,14.682,0.01985,-0.01985,68.0818,0.0914699,-0.0914699,6.282,0.021,-0.021,5.65,0.03,-0.03,4.308,0.226,-0.226,3.898,0.192,-0.192,4.159,0.036,-0.036,,,,,,,,,,,,,,,,,,,,,,,,,,,,5.48495,0.0015675,-0.0015675,,,,5.0494,0.0062,-0.0062,,,,2019-02-05 09:35:40,2019-02,2019-02-07,0,1,1,3,0,0,[12 38 65],,,
HD 1461 c,1273,HD 1461,c,HD 1461,HIP 1499,TIC 37748347,Gaia DR2 2430102808294101760,1,1,2,0,0,Radial Velocity,2015,<a refstr=D_IACUTE_AZ_ET_AL__2016 href=https://ui.adsabs.harvard.edu/abs/2016A&A...585A.134D/abstract target=ref>D&iacute,az et al. 2016</a>,2016-01,Ground,La Silla Observatory,3.6 m ESO Telescope,HARPS Spectrograph,1,0,0,0,0,0,0,0,0,0,Published Confirmed,0,<a refstr=D_IACUTE_AZ_ET_AL__2016 href=https://ui.adsabs.harvard.edu/abs/2016A&A...585A.134D/abstract target=ref>D&iacute,az et al. 2016</a>,13.5052,0.0029,-0.0029,0,0.1117,0.0039,-0.0039,0,,,,,,,,,,,,,,,,,5.59,0.73,-0.73,0,0.01759,0.0023,-0.0023,0,,,,,,,,,5.59,0.73,-0.73,0,0.01759,0.0023,-0.0023,0,Msini,,,,,0.305,,,1,,,,,,,,,,,,,,,,,,0,,,,,,,,,,,,,,,,,,,,,,,,,,,,,,,,,1.49,0.17,-0.17,0,,,,,,,,,<a refstr=D_IACUTE_AZ_ET_AL__2016 href=https://ui.adsabs.harvard.edu/abs/2016A&A...585A.134D/abstract target=ref>D&iacute,az et al. 2016</a>,G0 V,5765,18,-18,0,,,,,1.02,,,0,0.19,0.01,-0.01,0,[Fe/H],,,,,4.38,0.03,-0.03,0,,,,,,,,,,,,,,,,,-10.06,0,0,0,<a refstr=STASSUN_ET_AL__2019 href=https://ui.adsabs.harvard.edu/abs/2019AJ....158..138S/abstract target=ref>TICv8</a>,00h18m42.30s,4.6762645,-08d03m13.03s,-8.0536206,0.0472629,-0.0472629,0.027337,-0.027337,-69.40882,,,99.30266,,,-9.243241,,,1.062821,,,441.9148713,0.0939019,-0.0939019,417.875,0.0975526,-0.0975526,-143.768,0.0539701,-0.0539701,23.4534,0.0309,-0.0309,42.609,0.0557121,-0.0557121,7.146,0.022,-0.022,6.47933,0.023,-0.023,5.329,0.018,-0.018,5.041,0.047,-0.047,4.897,0.023,-0.023,,,,,,,,,,,,,,,,,,,,,,,,,,,,6.29454,0.0003801,-0.0003801,,,,5.8575,0.006,-0.006,,,,2015-11-18 13:10:53,2016-01,2015-11-19,0,1,2,9,0,0,[ 3 42 70]
HD 158259 b,1345,HD 158259,b,HD 158259,HIP 85268,TIC 188768068,Gaia DR2 1416050859226670848,1,1,5,0,0,Radial Velocity,2020,<a refstr=HARA_ET_AL__2020 href=https://ui.adsabs.harvard.edu/abs/2020A&A...636L...6H/abstract target=ref>Hara et al. 2020</a>,2020-04,Ground,Haute-Provence Observatory,1.93 m Telescope,SOPHIE Spectrograph,1,0,0,1,0,0,0,0,0,0,Published Confirmed,0,<a refstr=HARA_ET_AL__2020 href=https://ui.adsabs.harvard.edu/abs/2020A&A...636L...6H/abstract target=ref>Hara et al. 2020</a>,2.178,9E-05,-0.0001,0,,,,,,,,,,,,,,,,,,,,,2.22,0.39,-0.45,0,0.00698,0.00123,-0.00142,0,,,,,,,,,2.22,0.39,-0.45,0,0.00698,0.00123,-0.00142,0,Msini,6.12,1.16,-1.65,0,,,,,,,,,,,,,,,,,,,,,,0,,,,,,,,,,,,,,,,,,,,,,,,,,,,,,,,,1.051,0.18,-0.19,0,,,,,,,,,<a refstr=HARA_ET_AL__2020 href=https://ui.adsabs.harvard.edu/abs/2020A&A...636L...6H/abstract target=ref>Hara et al. 2020</a>,G0,,,,,1.21,0.03,-0.08,0,1.08,0.1,-0.1,0,,,,,,,,,,,,,,,,,,,,,,2.9,1,-1,0,20,7,-7,0,,,,,<a refstr=STASSUN_ET_AL__2019 href=https://ui.adsabs.harvard.edu/abs/2019AJ....158..138S/abstract target=ref>TICv8</a>,17h25m23.90s,261.3495847,+52d47m25.70s,52.7904721,0.0258996,-0.0258996,0.0300441,-0.0300441,34.08984,,,80.13868,,,75.58614,,,248.5701,,,103.6993176,0.0560812,-0.0560812,-91.0469,0.0551648,-0.0551648,-49.6388,0.05906,-0.05906,27.0498,0.0215,-0.0215,36.9399,0.0291363,-0.0291363,7.073,0.022,-0.022,6.47915,0.023,-0.023,5.269,0.029,-0.029,5.026,0.026,-0.026,4.965,0.023,-0.023,,,,,,,,,,,,,,,,4.998,0.204,-0.204,4.828,0.094,-0.094,5,0.015,-0.015,4.95,0.028,-0.028,6.30694,0.0003985,-0.0003985,,,,5.8961,0.006,-0.006,,,,2020-04-10 11:31:29,2020-04,2020-04-16,0,1,0,0,0,0,[17 20 23 24 25 26 40 47 50 51 52 53 54 57 60 74],,,
HD 158259 c,1347,HD 158259,c,HD 158259,HIP 85268,TIC 188768068,Gaia DR2 1416050859226670848,1,1,5,0,0,Radial Velocity,2020,<a refstr=HARA_ET_AL__2020 href=https://ui.adsabs.harvard.edu/abs/2020A&A...636L...6H/abstract target=ref>Hara et al. 2020</a>,2020-04,Ground,Haute-Provence Observatory,1.93 m Telescope,SOPHIE Spectrograph,1,0,0,0,0,0,0,0,0,0,Published Confirmed,0,<a refstr=HARA_ET_AL__2020 href=https://ui.adsabs.harvard.edu/abs/2020A&A...636L...6H/abstract target=ref>Hara et al. 2020</a>,3.432,0.0003,-0.00016,0,,,,,,,,,,,,,,,,,,,,,5.6,0.6,-0.59,0,0.01762,0.00189,-0.00186,0,,,,,,,,,5.6,0.6,-0.59,0,0.01762,0.00189,-0.00186,0,Msini,,,,,,,,,,,,,,,,,,,,,,,,,,0,,,,,,,,,,,,,,,,,,,,,,,,,,,,,,,,,2.261,0.19,-0.2,0,,,,,,,,,<a refstr=HARA_ET_AL__2020 href=https://ui.adsabs.harvard.edu/abs/2020A&A...636L...6H/abstract target=ref>Hara et al. 2020</a>,G0,,,,,1.21,0.03,-0.08,0,1.08,0.1,-0.1,0,,,,,,,,,,,,,,,,,,,,,,2.9,1,-1,0,20,7,-7,0,,,,,<a refstr=STASSUN_ET_AL__2019 href=https://ui.adsabs.harvard.edu/abs/2019AJ....158..138S/abstract target=ref>TICv8</a>,17h25m23.90s,261.3495847,+52d47m25.70s,52.7904721,0.0258996,-0.0258996,0.0300441,-0.0300441,34.08984,,,80.13868,,,75.58614,,,248.5701,,,103.6993176,0.0560812,-0.0560812,-91.0469,0.0551648,-0.0551648,-49.6388,0.05906,-0.05906,27.0498,0.0215,-0.0215,36.9399,0.0291363,-0.0291363,7.073,0.022,-0.022,6.47915,0.023,-0.023,5.269,0.029,-0.029,5.026,0.026,-0.026,4.965,0.023,-0.023,,,,,,,,,,,,,,,,4.998,0.204,-0.204,4.828,0.094,-0.094,5,0.015,-0.015,4.95,0.028,-0.028,6.30694,0.0003985,-0.0003985,,,,5.8961,0.006,-0.006,,,,2020-04-10 11:31:30,2020-04,2020-04-16,0,1,0,0,0,0,[17 20 23 24 25 26 40 47 50 51 52 53 54 57 60 74],,,
HD 158259 d,1348,HD 158259,d,HD 158259,HIP 85268,TIC 188768068,Gaia DR2 1416050859226670848,1,1,5,0,0,Radial Velocity,2020,<a refstr=HARA_ET_AL__2020 href=https://ui.adsabs.harvard.edu/abs/2020A&A...636L...6H/abstract target=ref>Hara et al. 2020</a>,2020-04,Ground,Haute-Provence Observatory,1.93 m Telescope,SOPHIE Spectrograph,1,0,0,0,0,0,0,0,0,0,Published Confirmed,0,<a refstr=HARA_ET_AL__2020 href=https://ui.adsabs.harvard.edu/abs/2020A&A...636L...6H/abstract target=ref>Hara et al. 2020</a>,5.1980814,0.0008186,-0.0008814,0,,,,,,,,,,,,,,,,,,,,,5.41,0.74,-0.71,0,0.01702,0.00233,-0.00223,0,,,,,,,,,5.41,0.74,-0.71,0,0.01702,0.00233,-0.00223,0,Msini,,,,,,,,,,,,,,,,,,,,,,,,,,0,,,,,,,,,,,,,,,,,,,,,,,,,,,,,,,,,1.907,0.22,-0.23,0,,,,,,,,,<a refstr=HARA_ET_AL__2020 href=https://ui.adsabs.harvard.edu/abs/2020A&A...636L...6H/abstract target=ref>Hara et al. 2020</a>,G0,,,,,1.21,0.03,-0.08,0,1.08,0.1,-0.1,0,,,,,,,,,,,,,,,,,,,,,,2.9,1,-1,0,20,7,-7,0,,,,,<a refstr=STASSUN_ET_AL__2019 href=https://ui.adsabs.harvard.edu/abs/2019AJ....158..138S/abstract target=ref>TICv8</a>,17h25m23.90s,261.3495847,+52d47m25.70s,52.7904721,0.0258996,-0.0258996,0.0300441,-0.0300441,34.08984,,,80.13868,,,75.58614,,,248.5701,,,103.6993176,0.0560812,-0.0560812,-91.0469,0.0551648,-0.0551648,-49.6388,0.05906,-0.05906,27.0498,0.0215,-0.0215,36.9399,0.0291363,-0.0291363,7.073,0.022,-0.022,6.47915,0.023,-0.023,5.269,0.029,-0.029,5.026,0.026,-0.026,4.965,0.023,-0.023,,,,,,,,,,,,,,,,4.998,0.204,-0.204,4.828,0.094,-0.094,5,0.015,-0.015,4.95,0.028,-0.028,6.30694,0.0003985,-0.0003985,,,,5.8961,0.006,-0.006,,,,2020-04-10 11:31:30,2020-04,2020-04-16,0,1,0,0,0,0,[17 20 23 24 25 26 40 47 50 51 52 53 54 57 60 74],,,
HD 158259 e,1349,HD 158259,e,HD 158259,HIP 85268,TIC 188768068,Gaia DR2 1416050859226670848,1,1,5,0,0,Radial Velocity,2020,<a refstr=HARA_ET_AL__2020 href=https://ui.adsabs.harvard.edu/abs/2020A&A...636L...6H/abstract target=ref>Hara et al. 2020</a>,2020-04,Ground,Haute-Provence Observatory,1.93 m Telescope,SOPHIE Spectrograph,1,0,0,0,0,0,0,0,0,0,Published Confirmed,0,<a refstr=HARA_ET_AL__2020 href=https://ui.adsabs.harvard.edu/abs/2020A&A...636L...6H/abstract target=ref>Hara et al. 2020</a>,7.951,0.0022,-0.0021,0,,,,,,,,,,,,,,,,,,,,,6.08,0.94,-1.03,0,0.01913,0.00296,-0.00324,0,,,,,,,,,6.08,0.94,-1.03,0,0.01913,0.00296,-0.00324,0,Msini,,,,,,,,,,,,,,,,,,,,,,,,,,0,,,,,,,,,,,,,,,,,,,,,,,,,,,,,,,,,1.857,0.26,-0.29,0,,,,,,,,,<a refstr=HARA_ET_AL__2020 href=https://ui.adsabs.harvard.edu/abs/2020A&A...636L...6H/abstract target=ref>Hara et al. 2020</a>,G0,,,,,1.21,0.03,-0.08,0,1.08,0.1,-0.1,0,,,,,,,,,,,,,,,,,,,,,,2.9,1,-1,0,20,7,-7,0,,,,,<a refstr=STASSUN_ET_AL__2019 href=https://ui.adsabs.harvard.edu/abs/2019AJ....158..138S/abstract target=ref>TICv8</a>,17h25m23.90s,261.3495847,+52d47m25.70s,52.7904721,0.0258996,-0.0258996,0.0300441,-0.0300441,34.08984,,,80.13868,,,75.58614,,,248.5701,,,103.6993176,0.0560812,-0.0560812,-91.0469,0.0551648,-0.0551648,-49.6388,0.05906,-0.05906,27.0498,0.0215,-0.0215,36.9399,0.0291363,-0.0291363,7.073,0.022,-0.022,6.47915,0.023,-0.023,5.269,0.029,-0.029,5.026,0.026,-0.026,4.965,0.023,-0.023,,,,,,,,,,,,,,,,4.998,0.204,-0.204,4.828,0.094,-0.094,5,0.015,-0.015,4.95,0.028,-0.028,6.30694,0.0003985,-0.0003985,,,,5.8961,0.006,-0.006,,,,2020-04-10 11:31:32,2020-04,2020-04-16,0,1,0,0,0,0,[17 20 23 24 25 26 40 47 50 51 52 53 54 57 60 74],,,
HD 158259 f,1350,HD 158259,f,HD 158259,HIP 85268,TIC 188768068,Gaia DR2 1416050859226670848,1,1,5,0,0,Radial Velocity,2020,<a refstr=HARA_ET_AL__2020 href=https://ui.adsabs.harvard.edu/abs/2020A&A...636L...6H/abstract target=ref>Hara et al. 2020</a>,2020-04,Ground,Haute-Provence Observatory,1.93 m Telescope,SOPHIE Spectrograph,1,0,0,0,0,0,0,0,0,0,Published Confirmed,0,<a refstr=HARA_ET_AL__2020 href=https://ui.adsabs.harvard.edu/abs/2020A&A...636L...6H/abstract target=ref>Hara et al. 2020</a>,12.028,0.009,-0.009,0,,,,,,,,,,,,,,,,,,,,,6.14,1.31,-1.37,0,0.01932,0.00412,-0.00431,0,,,,,,,,,6.14,1.31,-1.37,0,0.01932,0.00412,-0.00431,0,Msini,,,,,,,,,,,,,,,,,,,,,,,,,,0,,,,,,,,,,,,,,,,,,,,,,,,,,,,,,,,,1.633,0.35,-0.34,0,,,,,,,,,<a refstr=HARA_ET_AL__2020 href=https://ui.adsabs.harvard.edu/abs/2020A&A...636L...6H/abstract target=ref>Hara et al. 2020</a>,G0,,,,,1.21,0.03,-0.08,0,1.08,0.1,-0.1,0,,,,,,,,,,,,,,,,,,,,,,2.9,1,-1,0,20,7,-7,0,,,,,<a refstr=STASSUN_ET_AL__2019 href=https://ui.adsabs.harvard.edu/abs/2019AJ....158..138S/abstract target=ref>TICv8</a>,17h25m23.90s,261.3495847,+52d47m25.70s,52.7904721,0.0258996,-0.0258996,0.0300441,-0.0300441,34.08984,,,80.13868,,,75.58614,,,248.5701,,,103.6993176,0.0560812,-0.0560812,-91.0469,0.0551648,-0.0551648,-49.6388,0.05906,-0.05906,27.0498,0.0215,-0.0215,36.9399,0.0291363,-0.0291363,7.073,0.022,-0.022,6.47915,0.023,-0.023,5.269,0.029,-0.029,5.026,0.026,-0.026,4.965,0.023,-0.023,,,,,,,,,,,,,,,,4.998,0.204,-0.204,4.828,0.094,-0.094,5,0.015,-0.015,4.95,0.028,-0.028,6.30694,0.0003985,-0.0003985,,,,5.8961,0.006,-0.006,,,,2020-04-10 11:31:32,2020-04,2020-04-16,0,1,0,0,0,0,[17 20 23 24 25 26 40 47 50 51 52 53 54 57 60 74],,,
HD 164922 d,1403,HD 164922,d,HD 164922,HIP 88348,TIC 159019691,Gaia DR2 4582680493669880704,1,1,3,0,0,Radial Velocity,2020,<a refstr=BENATTI_ET_AL__2020 href=https://ui.adsabs.harvard.edu/abs/2020arXiv200503368B/abstract target=ref>Benatti et al. 2020</a>,2020-05,Ground,Roque de los Muchachos Observatory,3.58 m Telescopio Nazionale Galileo,HARPS-N Spectrograph,1,0,0,0,0,0,0,0,0,0,Published Confirmed,0,<a refstr=BENATTI_ET_AL__2020 href=https://ui.adsabs.harvard.edu/abs/2020arXiv200503368B/abstract target=ref>Benatti et al. 2020</a>,12.458,0.003,-0.003,0,0.103,0.001,-0.001,0,,,,,,,,,,,,,,,,,4,1,-1,0,0.01259,0.00315,-0.00315,0,,,,,,,,,4,1,-1,0,0.01259,0.00315,-0.00315,0,Msini,,,,,0.12,0.13,-0.08,0,,,,,,,,,,,,,,,,,BJD,0,,,,,,,,,,,,,,,,,,,,,,,,,2457503.9,0.4,-0.8,0,-48,130,-77,0,1.3,0.2,-0.2,0,,,,,,,,,<a refstr=BENATTI_ET_AL__2020 href=https://ui.adsabs.harvard.edu/abs/2020arXiv200503368B/abstract target=ref>Benatti et al. 2020</a>,,5390,30,-30,0,0.95,0.01,-0.02,0,0.93,0.03,-0.04,0,0.18,0.08,-0.08,0,[Fe/H],-0.149,0.083,-0.103,0,4.46,0.13,-0.13,0,9.58,1.99,-1.55,0,,,,,2,,,1,42.3,1.3,-0.7,0,20.36,0,0,0,<a refstr=STASSUN_ET_AL__2019 href=https://ui.adsabs.harvard.edu/abs/2019AJ....158..138S/abstract target=ref>TICv8</a>,18h02m31.31s,270.6304652,+26d18m37.47s,26.3104077,0.0160285,-0.0160285,0.0238639,-0.0238639,21.78566,,,52.29789,,,49.75038,,,270.8721,,,717.364353,0.0406319,-0.0406319,389.653,0.033275,-0.033275,-602.314,0.0433418,-0.0433418,22.0016,0.01515,-0.01515,45.4222,0.0310644,-0.0310644,7.81,0.02,-0.02,7.01227,0.023,-0.023,5.553,0.026,-0.026,5.203,0.017,-0.017,5.113,0.02,-0.02,,,,,,,,,,,,,,,,,,,,,,,,,,,,6.78614,0.000171,-0.000171,,,,6.2808,0.006,-0.006,,,,2020-05-15 10:00:45,2020-05,2020-05-21,2,1,1,6,0,0,[40 53],,,
HD 20003 b,1582,HD 20003,b,HD 20003,HIP 14530,TIC 370137704,Gaia DR2 4642472794978268800,1,1,2,0,0,Radial Velocity,2019,<a refstr=UDRY_ET_AL__2019 href=https://ui.adsabs.harvard.edu/abs/2019A&A...622A..37U/abstract target=ref>Udry et al. 2019</a>,2019-02,Ground,La Silla Observatory,3.6 m ESO Telescope,HARPS Spectrograph,1,0,0,0,0,0,0,0,0,0,Published Confirmed,0,<a refstr=UDRY_ET_AL__2019 href=https://ui.adsabs.harvard.edu/abs/2019A&A...622A..37U/abstract target=ref>Udry et al. 2019</a>,11.8482,0.0016,-0.0017,0,0.0974,0.0034,-0.0039,0,,,,,,,,,,,,,,,,,11.66,1.04,-1.06,0,0.0367,0.0033,-0.0033,0,,,,,,,,,11.66,1.04,-1.06,0,0.0367,0.0033,-0.0033,0,Msini,,,,,0.36,0.05,-0.05,0,,,,,,,,,,,,,,,,,BJD,0,,,,,,,,,,,,,,,,,,,,,,,,,2455489.511,0.209,-0.2095,0,-92.74,8.52,-8.61,0,3.84,0.2,-0.21,0,,,,,,,,,<a refstr=UDRY_ET_AL__2019 href=https://ui.adsabs.harvard.edu/abs/2019A&A...622A..37U/abstract target=ref>Udry et al. 2019</a>,G8 V,5494,27,-27,0,,,,,0.88,,,0,0.04,0.02,-0.02,0,[Fe/H],-0.143,0.018,-0.018,0,4.41,0.05,-0.05,0,,,,,,,,,1.9,,,0,38.9,4,-4,0,,,,,<a refstr=STASSUN_ET_AL__2019 href=https://ui.adsabs.harvard.edu/abs/2019AJ....158..138S/abstract target=ref>TICv8</a>,03h07m38.16s,46.9090081,-72d19m18.92s,-72.3219221,0.0290052,-0.0290052,0.0253045,-0.0253045,-41.17647,,,289.8768,,,-74.2312,,,319.7647,,,72.3367105,0.0631216,-0.0631216,71.8935,0.0632024,-0.0632024,-7.99527,0.0562017,-0.0562017,41.8316,0.04985,-0.04985,23.8764,0.028267,-0.028267,9.032,0.017,-0.017,8.39,0.03,-0.03,7.087,0.024,-0.024,6.764,0.031,-0.031,6.647,0.02,-0.02,,,,,,,,,,,,,,,,6.616,0.08,-0.08,6.606,0.022,-0.022,6.644,0.016,-0.016,6.597,0.056,-0.056,8.19184,0.000237,-0.000237,,,,7.7153,0.006,-0.006,,,,2019-02-05 09:35:28,2019-02,2019-02-07,0,1,0,0,0,0,[ 1  2  6 13 27 28 29 63 67 68 69],,,
HD 20781 b,1613,HD 20781,b,HD 20781,HIP 15526,TIC 144503312,Gaia DR2 5060105892897388288,1,2,5,0,0,Radial Velocity,2019,<a refstr=UDRY_ET_AL__2019 href=https://ui.adsabs.harvard.edu/abs/2019A&A...622A..37U/abstract target=ref>Udry et al. 2019</a>,2019-02,Ground,La Silla Observatory,3.6 m ESO Telescope,HARPS Spectrograph,1,0,0,0,0,0,0,0,0,0,Published Confirmed,0,<a refstr=UDRY_ET_AL__2019 href=https://ui.adsabs.harvard.edu/abs/2019A&A...622A..37U/abstract target=ref>Udry et al. 2019</a>,5.3135,0.001,-0.001,0,0.0529,0.0024,-0.0027,0,,,,,,,,,,,,,,,,,1.93,0.39,-0.36,0,0.0061,0.0012,-0.0011,0,,,,,,,,,1.93,0.39,-0.36,0,0.0061,0.0012,-0.0011,0,Msini,,,,,0.1,0.11,-0.07,0,,,,,,,,,,,,,,,,,BJD,0,,,,,,,,,,,,,,,,,,,,,,,,,2455503.2027,2.0979,-1.5934,0,84.04,141.7,-108.41,0,0.91,0.15,-0.15,0,,,,,,,,,<a refstr=UDRY_ET_AL__2019 href=https://ui.adsabs.harvard.edu/abs/2019A&A...622A..37U/abstract target=ref>Udry et al. 2019</a>,K0 V,5256,29,-29,0,,,,,0.7,,,0,-0.11,0.02,-0.02,0,[Fe/H],-0.31,0.034,-0.037,0,4.37,0.05,-0.05,0,,,,,,,,,1.1,,,0,46.8,4.4,-4.4,0,,,,,<a refstr=STASSUN_ET_AL__2019 href=https://ui.adsabs.harvard.edu/abs/2019AJ....158..138S/abstract target=ref>TICv8</a>,03h20m03.35s,50.0139757,-28d47m02.82s,-28.7841175,0.0226611,-0.0226611,0.0339363,-0.0339363,-57.27336,,,224.6725,,,-45.1444,,,37.00984,,,355.1593046,0.0656321,-0.0656321,348.847,0.0652107,-0.0652107,-66.6626,0.0762735,-0.0762735,35.9715,0.05265,-0.05265,27.7709,0.0403991,-0.0403991,9.239,0.03,-0.03,8.48,0.03,-0.03,7.045,0.024,-0.024,6.642,0.042,-0.042,6.553,0.023,-0.023,,,,,,,,,,,,,,,,,,,,,,,,,,,,8.2372,0.000214,-0.000214,,,,7.7242,0.006,-0.006,,,,2019-02-05 09:35:29,2019-02,2019-02-07,3,1,0,0,0,0,[ 4 31],,,
HD 20781 c,1614,HD 20781,c,HD 20781,HIP 15526,TIC 144503312,Gaia DR2 5060105892897388288,1,2,5,0,0,Radial Velocity,2019,<a refstr=UDRY_ET_AL__2019 href=https://ui.adsabs.harvard.edu/abs/2019A&A...622A..37U/abstract target=ref>Udry et al. 2019</a>,2019-02,Ground,La Silla Observatory,3.6 m ESO Telescope,HARPS Spectrograph,1,0,0,0,0,0,0,0,0,0,Published Confirmed,0,<a refstr=UDRY_ET_AL__2019 href=https://ui.adsabs.harvard.edu/abs/2019A&A...622A..37U/abstract target=ref>Udry et al. 2019</a>,13.8905,0.0033,-0.0034,0,0.1004,0.0046,-0.0051,0,,,,,,,,,,,,,,,,,5.33,0.7,-0.67,0,0.0168,0.0022,-0.0021,0,,,,,,,,,5.33,0.7,-0.67,0,0.0168,0.0022,-0.0021,0,Msini,,,,,0.09,0.09,-0.06,0,,,,,,,,,,,,,,,,,BJD,0,,,,,,,,,,,,,,,,,,,,,,,,,2455503.5204,2.0425,-2.6815,0,7.44,53.87,-70.21,0,1.81,0.16,-0.16,0,,,,,,,,,<a refstr=UDRY_ET_AL__2019 href=https://ui.adsabs.harvard.edu/abs/2019A&A...622A..37U/abstract target=ref>Udry et al. 2019</a>,K0 V,5256,29,-29,0,,,,,0.7,,,0,-0.11,0.02,-0.02,0,[Fe/H],-0.31,0.034,-0.037,0,4.37,0.05,-0.05,0,,,,,,,,,1.1,,,0,46.8,4.4,-4.4,0,,,,,<a refstr=STASSUN_ET_AL__2019 href=https://ui.adsabs.harvard.edu/abs/2019AJ....158..138S/abstract target=ref>TICv8</a>,03h20m03.35s,50.0139757,-28d47m02.82s,-28.7841175,0.0226611,-0.0226611,0.0339363,-0.0339363,-57.27336,,,224.6725,,,-45.1444,,,37.00984,,,355.1593046,0.0656321,-0.0656321,348.847,0.0652107,-0.0652107,-66.6626,0.0762735,-0.0762735,35.9715,0.05265,-0.05265,27.7709,0.0403991,-0.0403991,9.239,0.03,-0.03,8.48,0.03,-0.03,7.045,0.024,-0.024,6.642,0.042,-0.042,6.553,0.023,-0.023,,,,,,,,,,,,,,,,,,,,,,,,,,,,8.2372,0.000214,-0.000214,,,,7.7242,0.006,-0.006,,,,2019-02-05 09:35:29,2019-02,2019-02-07,3,1,0,0,0,0,[ 4 31],,,
HD 20781 d,1615,HD 20781,d,HD 20781,HIP 15526,TIC 144503312,Gaia DR2 5060105892897388288,1,2,5,0,0,Radial Velocity,2019,<a refstr=UDRY_ET_AL__2019 href=https://ui.adsabs.harvard.edu/abs/2019A&A...622A..37U/abstract target=ref>Udry et al. 2019</a>,2019-02,Ground,La Silla Observatory,3.6 m ESO Telescope,HARPS Spectrograph,1,0,0,0,0,0,0,0,0,0,Published Confirmed,0,<a refstr=UDRY_ET_AL__2019 href=https://ui.adsabs.harvard.edu/abs/2019A&A...622A..37U/abstract target=ref>Udry et al. 2019</a>,29.158,0.0102,-0.01,0,0.1647,0.0076,-0.0083,0,,,,,,,,,,,,,,,,,10.61,1.2,-1.19,0,0.0334,0.0038,-0.0037,0,,,,,,,,,10.61,1.2,-1.19,0,0.0334,0.0038,-0.0037,0,Msini,,,,,0.11,0.05,-0.06,0,,,,,,,,,,,,,,,,,BJD,0,,,,,,,,,,,,,,,,,,,,,,,,,2455511.3258,2.4394,-2.4382,0,60.99,30.79,-30.03,0,2.82,0.17,-0.16,0,,,,,,,,,<a refstr=UDRY_ET_AL__2019 href=https://ui.adsabs.harvard.edu/abs/2019A&A...622A..37U/abstract target=ref>Udry et al. 2019</a>,K0 V,5256,29,-29,0,,,,,0.7,,,0,-0.11,0.02,-0.02,0,[Fe/H],-0.31,0.034,-0.037,0,4.37,0.05,-0.05,0,,,,,,,,,1.1,,,0,46.8,4.4,-4.4,0,,,,,<a refstr=STASSUN_ET_AL__2019 href=https://ui.adsabs.harvard.edu/abs/2019AJ....158..138S/abstract target=ref>TICv8</a>,03h20m03.35s,50.0139757,-28d47m02.82s,-28.7841175,0.0226611,-0.0226611,0.0339363,-0.0339363,-57.27336,,,224.6725,,,-45.1444,,,37.00984,,,355.1593046,0.0656321,-0.0656321,348.847,0.0652107,-0.0652107,-66.6626,0.0762735,-0.0762735,35.9715,0.05265,-0.05265,27.7709,0.0403991,-0.0403991,9.239,0.03,-0.03,8.48,0.03,-0.03,7.045,0.024,-0.024,6.642,0.042,-0.042,6.553,0.023,-0.023,,,,,,,,,,,,,,,,,,,,,,,,,,,,8.2372,0.000214,-0.000214,,,,7.7242,0.006,-0.006,,,,2019-02-05 09:35:30,2019-02,2019-02-07,3,1,0,0,0,0,[ 4 31],,,
HD 213885 c,1676,HD 213885,c,HD 213885,HIP 111553,TIC 403224672,Gaia DR2 6407428994690988928,1,1,2,0,0,Radial Velocity,2019,<a refstr=ESPINOZA_ET_AL__2020 href=https://ui.adsabs.harvard.edu/abs/2020MNRAS.491.2982E/abstract target=ref>Espinoza et al. 2020</a>,2020-01,Ground,Multiple Observatories,Multiple Telescopes,Multiple Instruments,1,0,0,0,0,0,0,0,0,0,Published Confirmed,0,<a refstr=ESPINOZA_ET_AL__2020 href=https://ui.adsabs.harvard.edu/abs/2020MNRAS.491.2982E/abstract target=ref>Espinoza et al. 2020</a>,4.78503,0.00056,-0.00051,0,0.056798,0.00044,-0.00032,0,,,,,,,,,,,,,,,,,19.95,1.38,-1.36,0,0.06277,0.00434,-0.00428,0,,,,,,,,,19.95,1.38,-1.36,0,0.06277,0.00434,-0.00428,0,Msini,,,,,0,,,0,,,,,1265,7,-8,0,,,,,,,,,BJD-UTC,0,,,,,,,,,,,,,,,,,,,,,,,,,2458396.635,0.054,-0.054,0,,,,,7.26,0.48,-0.47,0,,,,,,,,,<a refstr=ESPINOZA_ET_AL__2020 href=https://ui.adsabs.harvard.edu/abs/2020MNRAS.491.2982E/abstract target=ref>Espinoza et al. 2020</a>,G,5978,50,-50,0,1.1,0.01,-0.01,0,1.07,0.02,-0.02,0,-0.04,0.03,-0.03,0,[Fe/H],0.139,0.014,-0.016,0,4.38,0.01,-0.01,0,3.8,0.66,-0.79,0,1.127,0.033,-0.033,0,3,0.2,-0.2,0,18.58,1.28,-1.28,0,,,,,<a refstr=STASSUN_ET_AL__2019 href=https://ui.adsabs.harvard.edu/abs/2019AJ....158..138S/abstract target=ref>TICv8</a>,22h35m56.09s,338.9837166,-59d51m53.38s,-59.864829,0.0253877,-0.0253877,0.0309108,-0.0309108,-49.93595,,,328.702,,,-46.20813,,,312.6256,,,137.3844076,0.0556181,-0.0556181,-108.388,0.0501773,-0.0501773,-84.4187,0.0635787,-0.0635787,48.0883,0.0989,-0.0989,20.7663,0.0424417,-0.0424417,8.495,0,0,7.95,0.03,-0.03,6.806,0.023,-0.023,6.501,0.034,-0.034,6.419,0.024,-0.024,,,,,,,,,,,,,,,,6.37,0.087,-0.087,6.281,0.024,-0.024,6.37,0.015,-0.015,6.268,0.067,-0.067,7.80173,0.000247,-0.000247,,,,7.384,0.0061,-0.0061,,,,2019-12-02 15:35:31,2020-01,2019-12-05,0,1,0,0,0,0,[ 1 27 28 68],,,
HD 215152 b,1680,HD 215152,b,HD 215152,HIP 112190,TIC 251042502,Gaia DR2 2623505219992303104,1,1,4,0,0,Radial Velocity,2018,<a refstr=DELISLE_ET_AL__2018 href=https://ui.adsabs.harvard.edu/abs/2018A&A...614A.133D/abstract target=ref>Delisle et al. 2018</a>,2018-06,Ground,La Silla Observatory,3.6 m ESO Telescope,HARPS Spectrograph,1,0,0,0,0,0,0,0,0,0,Published Confirmed,0,<a refstr=DELISLE_ET_AL__2018 href=https://ui.adsabs.harvard.edu/abs/2018A&A...614A.133D/abstract target=ref>Delisle et al. 2018</a>,5.75999,0.00157,-0.00175,0,0.057638,0.000739,-0.000759,0,,,,,,,,,,,,,,,,,1.819,0.501,-0.629,0,0.00572,0.00158,-0.00198,0,,,,,,,,,1.819,0.501,-0.629,0,0.00572,0.00158,-0.00198,0,Msini,,,,,0,,,0,,,,,,,,,,,,,,,,,,0,,,,,,,,,,,,,,,,,,,,,,,,,,,,,,,,,0.772,0.211,-0.266,0,,,,,,,,,<a refstr=DELISLE_ET_AL__2018 href=https://ui.adsabs.harvard.edu/abs/2018A&A...614A.133D/abstract target=ref>Delisle et al. 2018</a>,K3 V,4935,76,-76,0,0.73,0.02,-0.02,0,0.77,0.01,-0.01,0,-0.1,0.04,-0.04,0,[Fe/H],,,,,4.4,,,0,,,,,,,,,3.35,,,0,42,,,0,,,,,<a refstr=STASSUN_ET_AL__2019 href=https://ui.adsabs.harvard.edu/abs/2019AJ....158..138S/abstract target=ref>TICv8</a>,22h43m21.14s,340.8380941,-06d24m07.45s,-6.4020685,0.0811534,-0.0811534,0.0471227,-0.0471227,-53.19823,,,61.33825,,,1.573748,,,339.895,,,328.1892902,0.0956663,-0.0956663,-154.145,0.0968063,-0.0968063,-289.737,0.0953411,-0.0953411,21.5974,0.04865,-0.04865,46.2733,0.103502,-0.103502,9.094,0,0,8.11,0.03,-0.03,6.353,0.018,-0.018,5.895,0.029,-0.029,5.775,0.026,-0.026,,,,,,,,,,,,,,,,,,,,,,,,,,,,7.80163,0.000391,-0.000391,,,,7.204,0.006,-0.006,,,,2018-02-20 17:13:31,2018-06,2018-02-22,0,1,0,3,0,0,[42 70],,,
HD 215152 c,1681,HD 215152,c,HD 215152,HIP 112190,TIC 251042502,Gaia DR2 2623505219992303104,1,1,4,0,0,Radial Velocity,2018,<a refstr=DELISLE_ET_AL__2018 href=https://ui.adsabs.harvard.edu/abs/2018A&A...614A.133D/abstract target=ref>Delisle et al. 2018</a>,2018-06,Ground,La Silla Observatory,3.6 m ESO Telescope,HARPS Spectrograph,1,0,0,0,0,0,0,0,0,0,Published Confirmed,0,<a refstr=DELISLE_ET_AL__2018 href=https://ui.adsabs.harvard.edu/abs/2018A&A...614A.133D/abstract target=ref>Delisle et al. 2018</a>,7.28243,0.00451,-0.00827,0,0.067393,0.00086,-0.000893,0,,,,,,,,,,,,,,,,,1.72,0.618,-0.725,0,0.00541,0.00194,-0.00228,0,,,,,,,,,1.72,0.618,-0.725,0,0.00541,0.00194,-0.00228,0,Msini,,,,,0,,,0,,,,,,,,,,,,,,,,,,0,,,,,,,,,,,,,,,,,,,,,,,,,,,,,,,,,0.675,0.242,-0.284,0,,,,,,,,,<a refstr=DELISLE_ET_AL__2018 href=https://ui.adsabs.harvard.edu/abs/2018A&A...614A.133D/abstract target=ref>Delisle et al. 2018</a>,K3 V,4935,76,-76,0,0.73,0.02,-0.02,0,0.77,0.01,-0.01,0,-0.1,0.04,-0.04,0,[Fe/H],,,,,4.4,,,0,,,,,,,,,3.35,,,0,42,,,0,,,,,<a refstr=STASSUN_ET_AL__2019 href=https://ui.adsabs.harvard.edu/abs/2019AJ....158..138S/abstract target=ref>TICv8</a>,22h43m21.14s,340.8380941,-06d24m07.45s,-6.4020685,0.0811534,-0.0811534,0.0471227,-0.0471227,-53.19823,,,61.33825,,,1.573748,,,339.895,,,328.1892902,0.0956663,-0.0956663,-154.145,0.0968063,-0.0968063,-289.737,0.0953411,-0.0953411,21.5974,0.04865,-0.04865,46.2733,0.103502,-0.103502,9.094,0,0,8.11,0.03,-0.03,6.353,0.018,-0.018,5.895,0.029,-0.029,5.775,0.026,-0.026,,,,,,,,,,,,,,,,,,,,,,,,,,,,7.80163,0.000391,-0.000391,,,,7.204,0.006,-0.006,,,,2018-02-20 17:13:32,2018-06,2018-02-22,0,1,0,3,0,0,[42 70],,,
HD 215152 d,1682,HD 215152,d,HD 215152,HIP 112190,TIC 251042502,Gaia DR2 2623505219992303104,1,1,4,0,0,Radial Velocity,2018,<a refstr=DELISLE_ET_AL__2018 href=https://ui.adsabs.harvard.edu/abs/2018A&A...614A.133D/abstract target=ref>Delisle et al. 2018</a>,2018-06,Ground,La Silla Observatory,3.6 m ESO Telescope,HARPS Spectrograph,1,0,0,0,0,0,0,0,0,0,Published Confirmed,0,<a refstr=DELISLE_ET_AL__2018 href=https://ui.adsabs.harvard.edu/abs/2018A&A...614A.133D/abstract target=ref>Delisle et al. 2018</a>,10.86499,0.00564,-0.00613,0,0.08799,0.00113,-0.00116,0,,,,,,,,,,,,,,,,,2.801,0.809,-0.923,0,0.00881,0.00255,-0.0029,0,,,,,,,,,2.801,0.809,-0.923,0,0.00881,0.00255,-0.0029,0,Msini,,,,,0,,,0,,,,,,,,,,,,,,,,,,0,,,,,,,,,,,,,,,,,,,,,,,,,,,,,,,,,0.963,0.277,-0.317,0,,,,,,,,,<a refstr=DELISLE_ET_AL__2018 href=https://ui.adsabs.harvard.edu/abs/2018A&A...614A.133D/abstract target=ref>Delisle et al. 2018</a>,K3 V,4935,76,-76,0,0.73,0.02,-0.02,0,0.77,0.01,-0.01,0,-0.1,0.04,-0.04,0,[Fe/H],,,,,4.4,,,0,,,,,,,,,3.35,,,0,42,,,0,,,,,<a refstr=STASSUN_ET_AL__2019 href=https://ui.adsabs.harvard.edu/abs/2019AJ....158..138S/abstract target=ref>TICv8</a>,22h43m21.14s,340.8380941,-06d24m07.45s,-6.4020685,0.0811534,-0.0811534,0.0471227,-0.0471227,-53.19823,,,61.33825,,,1.573748,,,339.895,,,328.1892902,0.0956663,-0.0956663,-154.145,0.0968063,-0.0968063,-289.737,0.0953411,-0.0953411,21.5974,0.04865,-0.04865,46.2733,0.103502,-0.103502,9.094,0,0,8.11,0.03,-0.03,6.353,0.018,-0.018,5.895,0.029,-0.029,5.775,0.026,-0.026,,,,,,,,,,,,,,,,,,,,,,,,,,,,7.80163,0.000391,-0.000391,,,,7.204,0.006,-0.006,,,,2018-02-20 17:13:32,2018-06,2018-02-22,0,1,0,3,0,0,[42 70],,,
HD 215152 e,1683,HD 215152,e,HD 215152,HIP 112190,TIC 251042502,Gaia DR2 2623505219992303104,1,1,4,0,0,Radial Velocity,2018,<a refstr=DELISLE_ET_AL__2018 href=https://ui.adsabs.harvard.edu/abs/2018A&A...614A.133D/abstract target=ref>Delisle et al. 2018</a>,2018-06,Ground,La Silla Observatory,3.6 m ESO Telescope,HARPS Spectrograph,1,0,0,0,0,0,0,0,0,0,Published Confirmed,0,<a refstr=DELISLE_ET_AL__2018 href=https://ui.adsabs.harvard.edu/abs/2018A&A...614A.133D/abstract target=ref>Delisle et al. 2018</a>,25.1967,0.0476,-0.0505,0,0.15417,0.00199,-0.00204,0,,,,,,,,,,,,,,,,,2.877,1.063,-1.481,0,0.00905,0.00334,-0.00466,0,,,,,,,,,2.877,1.063,-1.481,0,0.00905,0.00334,-0.00466,0,Msini,,,,,0,,,0,,,,,,,,,,,,,,,,,,0,,,,,,,,,,,,,,,,,,,,,,,,,,,,,,,,,0.747,0.275,-0.384,0,,,,,,,,,<a refstr=DELISLE_ET_AL__2018 href=https://ui.adsabs.harvard.edu/abs/2018A&A...614A.133D/abstract target=ref>Delisle et al. 2018</a>,K3 V,4935,76,-76,0,0.73,0.02,-0.02,0,0.77,0.01,-0.01,0,-0.1,0.04,-0.04,0,[Fe/H],,,,,4.4,,,0,,,,,,,,,3.35,,,0,42,,,0,,,,,<a refstr=STASSUN_ET_AL__2019 href=https://ui.adsabs.harvard.edu/abs/2019AJ....158..138S/abstract target=ref>TICv8</a>,22h43m21.14s,340.8380941,-06d24m07.45s,-6.4020685,0.0811534,-0.0811534,0.0471227,-0.0471227,-53.19823,,,61.33825,,,1.573748,,,339.895,,,328.1892902,0.0956663,-0.0956663,-154.145,0.0968063,-0.0968063,-289.737,0.0953411,-0.0953411,21.5974,0.04865,-0.04865,46.2733,0.103502,-0.103502,9.094,0,0,8.11,0.03,-0.03,6.353,0.018,-0.018,5.895,0.029,-0.029,5.775,0.026,-0.026,,,,,,,,,,,,,,,,,,,,,,,,,,,,7.80163,0.000391,-0.000391,,,,7.204,0.006,-0.006,,,,2018-02-20 17:13:32,2018-06,2018-02-22,0,1,0,3,0,0,[42 70],,,
HD 21693 b,1696,HD 21693,b,HD 21693,HIP 16085,TIC 197792776,Gaia DR2 4729947569262040960,1,1,2,0,0,Radial Velocity,2019,<a refstr=UDRY_ET_AL__2019 href=https://ui.adsabs.harvard.edu/abs/2019A&A...622A..37U/abstract target=ref>Udry et al. 2019</a>,2019-02,Ground,La Silla Observatory,3.6 m ESO Telescope,HARPS Spectrograph,1,0,0,0,0,0,0,0,0,0,Published Confirmed,0,<a refstr=UDRY_ET_AL__2019 href=https://ui.adsabs.harvard.edu/abs/2019A&A...622A..37U/abstract target=ref>Udry et al. 2019</a>,22.6786,0.0085,-0.0087,0,0.1455,0.0058,-0.0063,0,,,,,,,,,,,,,,,,,8.23,1.08,-1.05,0,0.0259,0.0034,-0.0033,0,,,,,,,,,8.23,1.08,-1.05,0,0.0259,0.0034,-0.0033,0,Msini,,,,,0.12,0.09,-0.08,0,,,,,,,,,,,,,,,,,BJD,0,,,,,,,,,,,,,,,,,,,,,,,,,2455492.0549,3.0968,-3.131,0,-91.04,50.57,-50.35,0,2.2,0.22,-0.22,0,,,,,,,,,<a refstr=UDRY_ET_AL__2019 href=https://ui.adsabs.harvard.edu/abs/2019A&A...622A..37U/abstract target=ref>Udry et al. 2019</a>,G8 V,5430,26,-26,0,,,,,0.8,,,0,0,0.02,-0.02,0,[Fe/H],-0.208,0.014,-0.014,0,4.37,0.04,-0.04,0,,,,,,,,,1.6,,,0,35.2,4,-4,0,,,,,<a refstr=STASSUN_ET_AL__2019 href=https://ui.adsabs.harvard.edu/abs/2019AJ....158..138S/abstract target=ref>TICv8</a>,03h27m12.97s,51.8040469,-58d19m23.78s,-58.3232726,0.0301305,-0.0301305,0.0282416,-0.0282416,-48.72478,,,272.9098,,,-70.9016,,,7.041101,,,266.05844,0.0555393,-0.0555393,248.654,0.0557001,-0.0557001,94.6482,0.0544169,-0.0544169,33.255,0.03485,-0.03485,30.0417,0.0313032,-0.0313032,8.715,0.023,-0.023,7.95,0.03,-0.03,6.607,0.019,-0.019,6.288,0.024,-0.024,6.193,0.017,-0.017,,,,,,,,,,,,,,,,6.147,0.108,-0.108,6.059,0.036,-0.036,6.186,0.014,-0.014,6.154,0.041,-0.041,7.75701,0.000194,-0.000194,,,,7.2742,0.006,-0.006,,,,2019-02-05 09:35:31,2019-02,2019-02-07,0,1,0,0,0,0,[ 2  3  4 29 30 31 69],,,
HD 219134 b,1717,HD 219134,b,HD 219134,HIP 114622,TIC 283722336,Gaia DR2 2009481748875806976,0,1,6,0,0,Radial Velocity,2015,<a refstr=MOTALEBI_ET_AL__2015 href=https://ui.adsabs.harvard.edu/abs/2015A&A...584A..72M/abstract target=ref>Motalebi et al. 2015</a>,2015-12,Ground,Roque de los Muchachos Observatory,3.58 m Telescopio Nazionale Galileo,HARPS-N Spectrograph,1,0,0,1,0,0,0,0,0,0,Published Confirmed,0,<a refstr=VOGT_ET_AL__2015 href=https://ui.adsabs.harvard.edu/abs/2015ApJ...814...12V/abstract target=ref>Vogt et al. 2015</a>,3.0931,0.0001,-0.0001,0,0.038474,1E-06,-1E-06,0,,,,,,,,,,,,,,,,,3.81396,0.31783,-0.31783,0,0.012,0.001,-0.001,0,,,,,,,,,3.81396,0.31783,-0.31783,0,0.012,0.001,-0.001,0,Msini,,,,,0,,,0,,,,,,,,,,,,,,,,,,0,,,,,,,,,,,,,,,,,,,,,,,,,2449999.5,0.2,-0.2,0,0,,,0,1.9,0.2,-0.2,0,,,,,,,,,<a refstr=VOGT_ET_AL__2015 href=https://ui.adsabs.harvard.edu/abs/2015ApJ...814...12V/abstract target=ref>Vogt et al. 2015</a>,K3 V,4913,,,0,0.77,0.02,-0.02,0,0.79,0.04,-0.02,0,0.08,,,0,[Fe/H],-0.509,,,0,4.51,,,0,12.46,,,0,,,,,,,,,,,,,,,,,<a refstr=STASSUN_ET_AL__2019 href=https://ui.adsabs.harvard.edu/abs/2019AJ....158..138S/abstract target=ref>TICv8</a>,23h13m20.93s,348.3372026,+57d10m10.65s,57.1696255,0.071801,-0.071801,0.0662284,-0.0662284,-3.198601,,,109.8985,,,54.54661,,,23.74273,,,2095.3807469,0.1365756,-0.1365756,2074.52,0.136833,-0.136833,294.936,0.12317,-0.12317,6.53127,0.003845,-0.003845,153.081,0.0895024,-0.0895024,6.585,0.018,-0.018,5.56911,0.023,-0.023,3.981,0.258,-0.258,3.469,0.226,-0.226,3.261,0.304,-0.304,,,,,,,,,,,,,,,,,,,,,,,,,,,,5.2402,0.0022257,-0.0022257,,,,4.6278,0.0065,-0.0065,,,,2017-03-14 14:58:49,2015-11,2015-11-19,0,1,4,5,0,0,[17 24 57],,,
HD 31527 b,1841,HD 31527,b,HD 31527,HIP 22905,TIC 146322354,Gaia DR2 2972622770521857664,1,1,3,0,0,Radial Velocity,2019,<a refstr=UDRY_ET_AL__2019 href=https://ui.adsabs.harvard.edu/abs/2019A&A...622A..37U/abstract target=ref>Udry et al. 2019</a>,2019-02,Ground,La Silla Observatory,3.6 m ESO Telescope,HARPS Spectrograph,1,0,0,0,0,0,0,0,0,0,Published Confirmed,0,<a refstr=UDRY_ET_AL__2019 href=https://ui.adsabs.harvard.edu/abs/2019A&A...622A..37U/abstract target=ref>Udry et al. 2019</a>,16.5535,0.0034,-0.0035,0,0.1254,0.0041,-0.0045,0,,,,,,,,,,,,,,,,,10.47,0.89,-0.87,0,0.0329,0.0028,-0.0028,0,,,,,,,,,10.47,0.89,-0.87,0,0.0329,0.0028,-0.0028,0,Msini,,,,,0.1,0.05,-0.05,0,,,,,,,,,,,,,,,,,BJD,0,,,,,,,,,,,,,,,,,,,,,,,,,2455499.5453,1.313,-1.5818,0,41.12,29.46,-34.41,0,2.72,0.13,-0.13,0,,,,,,,,,<a refstr=UDRY_ET_AL__2019 href=https://ui.adsabs.harvard.edu/abs/2019A&A...622A..37U/abstract target=ref>Udry et al. 2019</a>,G2 V,5898,13,-13,0,,,,,0.96,,,0,-0.17,0.01,-0.01,0,[Fe/H],0.079,0.011,-0.011,0,4.45,0.02,-0.02,0,,,,,,,,,1.9,,,0,20.3,2.9,-2.9,0,,,,,<a refstr=STASSUN_ET_AL__2019 href=https://ui.adsabs.harvard.edu/abs/2019AJ....158..138S/abstract target=ref>TICv8</a>,04h55m38.31s,73.9096193,-23d14m28.74s,-23.2413163,0.0146678,-0.0146678,0.0219927,-0.0219927,-35.15335,,,223.3892,,,-45.4983,,,68.69624,,,146.0512221,0.0448528,-0.0448528,-65.8992,0.0358191,-0.0358191,130.339,0.0468835,-0.0468835,38.4473,0.0408,-0.0408,25.9807,0.0274041,-0.0274041,8.072,0.023,-0.023,7.49,0.03,-0.03,6.373,0.024,-0.024,6.048,0.029,-0.029,6.049,0.018,-0.018,,,,,,,,,,,,,,,,6.04,0.11,-0.11,5.938,0.034,-0.034,6.034,0.016,-0.016,5.995,0.046,-0.046,7.33222,0.000169,-0.000169,,,,6.9255,0.006,-0.006,,,,2019-02-05 09:35:33,2019-02,2019-02-07,0,1,0,0,0,0,[ 5 32],,,
HD 3167 d,1858,HD 3167,d,HD 3167,HIP 2736,TIC 318707987,Gaia DR2 2554032474712538880,1,1,3,0,0,Radial Velocity,2017,<a refstr=CHRISTIANSEN_ET_AL__2017 href=https://ui.adsabs.harvard.edu/abs/2017AJ....154..122C/abstract target=ref>Christiansen et al. 2017</a>,2017-09,Ground,W. M. Keck Observatory,10 m Keck II Telescope,NIRC2 Camera,1,0,0,0,0,0,0,0,0,0,Published Confirmed,0,<a refstr=CHRISTIANSEN_ET_AL__2017 href=https://ui.adsabs.harvard.edu/abs/2017AJ....154..122C/abstract target=ref>Christiansen et al. 2017</a>,8.509,0.045,-0.045,0,0.07757,0.00027,-0.00027,0,,,,,,,,,,,,,,,,,6.9,0.71,-0.71,0,0.02171,0.00223,-0.00223,0,,,,,,,,,6.9,0.71,-0.71,0,0.02171,0.00223,-0.00223,0,Msini,,,,,0.36,,,0,88.9,6.2,-6.2,0,,,,,,,,,2457806.07,0.52,-0.5,0,BJD-TDB,0,,,,,,,,,,,,,,,,,,,,,,,,,,,,,,,,,2.39,0.24,-0.24,0,,,,,,,,,<a refstr=CHRISTIANSEN_ET_AL__2017 href=https://ui.adsabs.harvard.edu/abs/2017AJ....154..122C/abstract target=ref>Christiansen et al. 2017</a>,K0 V,5261,60,-60,0,0.86,0.04,-0.04,0,0.86,0.03,-0.03,0,0.04,0.05,-0.05,0,[Fe/H],,,,,4.47,0.05,-0.05,0,,,,,1.902,0.092,-0.092,0,1.7,1.1,-1.1,0,,,,,,,,,<a refstr=STASSUN_ET_AL__2019 href=https://ui.adsabs.harvard.edu/abs/2019AJ....158..138S/abstract target=ref>TICv8</a>,00h34m57.64s,8.7401487,+04d22m50.60s,4.3807215,0.05879,-0.05879,0.0375042,-0.0375042,-58.2398,,,115.1104,,,0.5631452,,,9.75275,,,203.8802519,0.0937291,-0.0937291,107.409,0.127388,-0.127388,-173.293,0.0769802,-0.0769802,47.2899,0.148,-0.148,21.1175,0.065682,-0.065682,9.767,0.031,-0.031,8.97,0.03,-0.03,7.548,0.032,-0.032,7.203,0.038,-0.038,7.066,0.02,-0.02,,,,,,,,,,,,,,,,6.942,0.053,-0.053,7.09,0.02,-0.02,7.054,0.018,-0.018,7.065,0.144,-0.144,8.76221,0.000265,-0.000265,,,,8.2491,0.006,-0.006,8.945,,,2019-01-28 15:52:05,2017-09,2019-01-31,2,1,0,0,0,0,[42 43 70],,,
HD 45184 b,1975,HD 45184,b,HD 45184,HIP 30503,TIC 49831913,Gaia DR2 2898239468873596800,1,1,2,0,0,Radial Velocity,2019,<a refstr=UDRY_ET_AL__2019 href=https://ui.adsabs.harvard.edu/abs/2019A&A...622A..37U/abstract target=ref>Udry et al. 2019</a>,2019-02,Ground,La Silla Observatory,3.6 m ESO Telescope,HARPS Spectrograph,1,0,0,0,0,0,0,0,0,0,Published Confirmed,0,<a refstr=UDRY_ET_AL__2019 href=https://ui.adsabs.harvard.edu/abs/2019A&A...622A..37U/abstract target=ref>Udry et al. 2019</a>,5.8854,0.0003,-0.0003,0,0.0644,0.002,-0.0021,0,,,,,,,,,,,,,,,,,12.19,1.06,-1.03,0,0.0384,0.0033,-0.0032,0,,,,,,,,,12.19,1.06,-1.03,0,0.0384,0.0033,-0.0032,0,Msini,,,,,0.07,0.05,-0.05,0,,,,,,,,,,,,,,,,,BJD,0,,,,,,,,,,,,,,,,,,,,,,,,,2455500.2509,0.7996,-0.779,0,145.8,49.43,-47.76,0,4.26,0.23,-0.23,0,,,,,,,,,<a refstr=UDRY_ET_AL__2019 href=https://ui.adsabs.harvard.edu/abs/2019A&A...622A..37U/abstract target=ref>Udry et al. 2019</a>,G1.5 V,5869,14,-14,0,,,,,1.03,,,0,0.04,0.01,-0.01,0,[Fe/H],0.053,0.004,-0.004,0,4.47,0.02,-0.02,0,,,,,,,,,2.1,,,0,21.5,3,-3,0,,,,,<a refstr=STASSUN_ET_AL__2019 href=https://ui.adsabs.harvard.edu/abs/2019AJ....158..138S/abstract target=ref>TICv8</a>,06h24m43.68s,96.1820205,-28d46m50.30s,-28.7806402,0.0220278,-0.0220278,0.0277619,-0.0277619,-18.07288,,,236.6254,,,-52.03014,,,98.82578,,,205.3081838,0.0485646,-0.0485646,-165.257,0.0434265,-0.0434265,-121.826,0.0568177,-0.0568177,21.9532,0.01555,-0.01555,45.5224,0.0320207,-0.0320207,7.003,0.005,-0.005,6.383,0.005,-0.005,5.219,0.018,-0.018,4.962,0.02,-0.02,4.871,0.02,-0.02,,,,,,,,,,,,,,,,4.934,0.166,-0.166,4.708,0.103,-0.103,4.888,0.014,-0.014,4.78,0.028,-0.028,6.21037,0.0005004,-0.0005004,,,,5.7911,0.006,-0.006,,,,2019-02-05 09:35:35,2019-02,2019-02-07,0,1,0,8,0,0,[ 6 33],,,
HD 45184 c,1976,HD 45184,c,HD 45184,HIP 30503,TIC 49831913,Gaia DR2 2898239468873596800,1,1,2,0,0,Radial Velocity,2019,<a refstr=UDRY_ET_AL__2019 href=https://ui.adsabs.harvard.edu/abs/2019A&A...622A..37U/abstract target=ref>Udry et al. 2019</a>,2019-02,Ground,La Silla Observatory,3.6 m ESO Telescope,HARPS Spectrograph,1,0,0,0,0,0,0,0,0,0,Published Confirmed,0,<a refstr=UDRY_ET_AL__2019 href=https://ui.adsabs.harvard.edu/abs/2019A&A...622A..37U/abstract target=ref>Udry et al. 2019</a>,13.1354,0.0026,-0.0025,0,0.11,0.0034,-0.0036,0,,,,,,,,,,,,,,,,,8.81,1.09,-1.02,0,0.0277,0.0034,-0.0032,0,,,,,,,,,8.81,1.09,-1.02,0,0.0277,0.0034,-0.0032,0,Msini,,,,,0.07,0.07,-0.05,0,,,,,,,,,,,,,,,,,BJD,0,,,,,,,,,,,,,,,,,,,,,,,,,2455497.4412,4.4543,-2.9188,0,-197.97,119.85,-80.87,0,2.36,0.23,-0.23,0,,,,,,,,,<a refstr=UDRY_ET_AL__2019 href=https://ui.adsabs.harvard.edu/abs/2019A&A...622A..37U/abstract target=ref>Udry et al. 2019</a>,G1.5 V,5869,14,-14,0,,,,,1.03,,,0,0.04,0.01,-0.01,0,[Fe/H],0.053,0.004,-0.004,0,4.47,0.02,-0.02,0,,,,,,,,,2.1,,,0,21.5,3,-3,0,,,,,<a refstr=STASSUN_ET_AL__2019 href=https://ui.adsabs.harvard.edu/abs/2019AJ....158..138S/abstract target=ref>TICv8</a>,06h24m43.68s,96.1820205,-28d46m50.30s,-28.7806402,0.0220278,-0.0220278,0.0277619,-0.0277619,-18.07288,,,236.6254,,,-52.03014,,,98.82578,,,205.3081838,0.0485646,-0.0485646,-165.257,0.0434265,-0.0434265,-121.826,0.0568177,-0.0568177,21.9532,0.01555,-0.01555,45.5224,0.0320207,-0.0320207,7.003,0.005,-0.005,6.383,0.005,-0.005,5.219,0.018,-0.018,4.962,0.02,-0.02,4.871,0.02,-0.02,,,,,,,,,,,,,,,,4.934,0.166,-0.166,4.708,0.103,-0.103,4.888,0.014,-0.014,4.78,0.028,-0.028,6.21037,0.0005004,-0.0005004,,,,5.7911,0.006,-0.006,,,,2019-02-05 09:35:35,2019-02,2019-02-07,0,1,0,8,0,0,[ 6 33],,,
HD 51608 b,2015,HD 51608,b,HD 51608,HIP 33229,TIC 279246287,Gaia DR2 5485320853638354304,1,1,2,0,0,Radial Velocity,2019,<a refstr=UDRY_ET_AL__2019 href=https://ui.adsabs.harvard.edu/abs/2019A&A...622A..37U/abstract target=ref>Udry et al. 2019</a>,2019-02,Ground,La Silla Observatory,3.6 m ESO Telescope,HARPS Spectrograph,1,0,0,0,0,0,0,0,0,0,Published Confirmed,0,<a refstr=UDRY_ET_AL__2019 href=https://ui.adsabs.harvard.edu/abs/2019A&A...622A..37U/abstract target=ref>Udry et al. 2019</a>,14.0726,0.0016,-0.0016,0,0.1059,0.0043,-0.0046,0,,,,,,,,,,,,,,,,,12.77,1.2,-1.19,0,0.0402,0.0038,-0.0037,0,,,,,,,,,12.77,1.2,-1.19,0,0.0402,0.0038,-0.0037,0,Msini,,,,,0.09,0.04,-0.04,0,,,,,,,,,,,,,,,,,BJD,0,,,,,,,,,,,,,,,,,,,,,,,,,2455494.5239,1.1795,-1.1073,0,117.45,30.27,-28.91,0,3.95,0.16,-0.16,0,,,,,,,,,<a refstr=UDRY_ET_AL__2019 href=https://ui.adsabs.harvard.edu/abs/2019A&A...622A..37U/abstract target=ref>Udry et al. 2019</a>,G7 V,5358,22,-22,0,,,,,0.8,,,0,-0.07,0.01,-0.01,0,[Fe/H],-0.244,0.015,-0.016,0,4.36,0.05,-0.05,0,,,,,,,,,1.3,,,0,40,4,-4,0,,,,,<a refstr=STASSUN_ET_AL__2019 href=https://ui.adsabs.harvard.edu/abs/2019AJ....158..138S/abstract target=ref>TICv8</a>,06h54m51.29s,103.7137102,-55d15m36.07s,-55.2600189,0.023196,-0.023196,0.0283953,-0.0283953,-21.53915,,,265.1558,,,-76.94347,,,126.7282,,,162.8526489,0.0561966,-0.0561966,-27.9513,0.0509621,-0.0509621,-160.436,0.0563479,-0.0563479,35.0553,0.0332,-0.0332,28.4974,0.0268026,-0.0268026,8.948,0.025,-0.025,8.17,0.03,-0.03,6.813,0.024,-0.024,6.451,0.018,-0.018,6.328,0.018,-0.018,,,,,,,,,,,,,,,,6.29,0.098,-0.098,6.227,0.026,-0.026,6.326,0.015,-0.015,6.267,0.035,-0.035,7.96058,0.000279,-0.000279,,,,7.4649,0.006,-0.006,,,,2019-02-05 09:35:36,2019-02,2019-02-07,0,1,0,0,0,0,[ 2  3  5  6  7  8  9 12 13 29 30 32 33 34 35 36 39 61 62 63 66 67 68 69],,,
HD 69830 b,2080,HD 69830,b,HD 69830,HIP 40693,TIC 307624961,Gaia DR2 5726982995343100928,1,1,3,0,0,Radial Velocity,2006,<a refstr=LOVIS_ET_AL__2006 href=https://ui.adsabs.harvard.edu/abs/2006Natur.441..305L/abstract target=ref> Lovis et al. 2006 </a>,2006-05,Ground,La Silla Observatory,3.6 m ESO Telescope,HARPS Spectrograph,1,0,0,0,0,0,0,0,0,0,Published Confirmed,0,<a refstr=LOVIS_ET_AL__2006 href=https://ui.adsabs.harvard.edu/abs/2006Natur.441..305L/abstract target=ref> Lovis et al. 2006 </a>,8.667,0.003,-0.003,0,0.0785,,,0,,,,,,,,,,,,,,,,,10.2,,,0,0.0321,,,0,,,,,,,,,10.2,,,0,0.0321,,,0,Msini,,,,,0.1,0.04,-0.04,0,,,,,,,,,,,,,,,,,,0,,,,,,,,,,,,,,,,,,,,,,,,,2453496.8,0.6,-0.6,0,340,26,-26,0,3.51,0.15,-0.15,0,,,,,,,,,<a refstr=LOVIS_ET_AL__2006 href=https://ui.adsabs.harvard.edu/abs/2006Natur.441..305L/abstract target=ref> Lovis et al. 2006 </a>,,5385,20,-20,0,,,,,0.86,0.03,-0.03,0,-0.05,0.02,-0.02,0,[Fe/H],-0.22,0.02,-0.02,0,,,,,7,3,-3,0,,,,,1.1,0.5,-1.1,0,,,,,,,,,<a refstr=STASSUN_ET_AL__2019 href=https://ui.adsabs.harvard.edu/abs/2019AJ....158..138S/abstract target=ref>TICv8</a>,08h18m24.24s,124.6010091,-12d38m11.13s,-12.6364246,0.0441118,-0.0441118,0.0446096,-0.0446096,12.82375,,,234.5634,,,-31.34199,,,130.4485,,,1026.8551062,0.0829107,-0.0829107,278.787,0.0858044,-0.0858044,-988.286,0.0826761,-0.0826761,12.5591,0.00965,-0.00965,79.5945,0.060748,-0.060748,6.72,0.02,-0.02,5.96004,0.023,-0.023,4.953,0.268,-0.268,4.364,0.224,-0.224,4.165,0.036,-0.036,,,,,,,,,,,,,,,,,,,,,,,,,,,,5.75392,0.0009726,-0.0009726,,,,5.2656,0.0061,-0.0061,,,,2015-03-26,2006-05,2015-03-26,1,1,3,9,0,0,[ 7 34 61],,,
HD 7924 c,2145,HD 7924,c,HD 7924,HIP 6379,TIC 468723402,Gaia DR2 560130775546153344,1,1,3,0,0,Radial Velocity,2015,<a refstr=FULTON_ET_AL__2015 href=https://ui.adsabs.harvard.edu/abs/2015ApJ...805..175F/abstract target=ref>Fulton et al. 2015</a>,2015-06,Ground,W. M. Keck Observatory,10 m Keck I Telescope,HIRES Spectrometer,1,0,0,0,0,0,0,0,0,0,Published Confirmed,0,<a refstr=FULTON_ET_AL__2015 href=https://ui.adsabs.harvard.edu/abs/2015ApJ...805..175F/abstract target=ref>Fulton et al. 2015</a>,15.299,0.0032,-0.0033,0,0.1134,0.0013,-0.0014,0,,,,,,,,,,,,,,,,,7.86,0.73,-0.71,0,0.02473,0.0023,-0.00223,0,,,,,,,,,7.86,0.73,-0.71,0,0.02473,0.0023,-0.00223,0,Msini,,,,,0.098,0.096,-0.069,0,28.35,0.92,-0.89,0,584,5,-5,0,,,,,,,,,,0,,,,,,,,,,,,,,,,,,,,,,,,,,,,,27,52,-60,0,2.31,0.21,-0.2,0,,,,,,,,,<a refstr=FULTON_ET_AL__2015 href=https://ui.adsabs.harvard.edu/abs/2015ApJ...805..175F/abstract target=ref>Fulton et al. 2015</a>,K0.5 V,5075,83,-83,0,0.78,0.03,-0.03,0,0.83,0.02,-0.04,0,-0.15,0.03,-0.03,0,[Fe/H],,,,,4.59,0.02,-0.03,0,,,,,,,,,,,,,,,,,,,,,<a refstr=STASSUN_ET_AL__2019 href=https://ui.adsabs.harvard.edu/abs/2019AJ....158..138S/abstract target=ref>TICv8</a>,01h21m58.96s,20.4956562,+76d42m36.53s,76.7101475,0.0220942,-0.0220942,0.0203726,-0.0203726,13.94564,,,124.7357,,,59.41722,,,64.96248,,,47.6113429,0.0397999,-0.0397999,-34.6432,0.041486,-0.041486,-32.6602,0.0378131,-0.0378131,16.9922,0.0072,-0.0072,58.8216,0.0248941,-0.0248941,7.907,0.006,-0.006,7.17896,0.023,-0.023,5.618,0.026,-0.026,5.231,0.033,-0.033,5.159,0.02,-0.02,,,,,,,,,,,,,,,,5.171,0.181,-0.181,5.025,0.099,-0.099,5.195,0.018,-0.018,5.106,0.028,-0.028,6.92516,0.000196,-0.000196,,,,6.3929,0.006,-0.006,,,,2015-05-14,2015-06,2015-05-14,0,1,1,8,0,0,[18 19 25 52 58 59 73],,,
HD 7924 d,2146,HD 7924,d,HD 7924,HIP 6379,TIC 468723402,Gaia DR2 560130775546153344,1,1,3,0,0,Radial Velocity,2015,<a refstr=FULTON_ET_AL__2015 href=https://ui.adsabs.harvard.edu/abs/2015ApJ...805..175F/abstract target=ref>Fulton et al. 2015</a>,2015-06,Ground,W. M. Keck Observatory,10 m Keck I Telescope,HIRES Spectrometer,1,0,0,0,0,0,0,0,0,0,Published Confirmed,0,<a refstr=FULTON_ET_AL__2015 href=https://ui.adsabs.harvard.edu/abs/2015ApJ...805..175F/abstract target=ref>Fulton et al. 2015</a>,24.451,0.015,-0.017,0,0.1551,0.0018,-0.0019,0,,,,,,,,,,,,,,,,,6.44,0.79,-0.78,0,0.02026,0.00249,-0.00245,0,,,,,,,,,6.44,0.79,-0.78,0,0.02026,0.00249,-0.00245,0,Msini,,,,,0.21,0.13,-0.12,0,15.17,0.49,-0.48,0,499,4,-4,0,,,,,,,,,,0,,,,,,,,,,,,,,,,,,,,,,,,,,,,,119,210,-97,0,1.65,0.21,-0.21,0,,,,,,,,,<a refstr=FULTON_ET_AL__2015 href=https://ui.adsabs.harvard.edu/abs/2015ApJ...805..175F/abstract target=ref>Fulton et al. 2015</a>,K0.5 V,5075,83,-83,0,0.78,0.03,-0.03,0,0.83,0.02,-0.04,0,-0.15,0.03,-0.03,0,[Fe/H],,,,,4.59,0.02,-0.03,0,,,,,,,,,,,,,,,,,,,,,<a refstr=STASSUN_ET_AL__2019 href=https://ui.adsabs.harvard.edu/abs/2019AJ....158..138S/abstract target=ref>TICv8</a>,01h21m58.96s,20.4956562,+76d42m36.53s,76.7101475,0.0220942,-0.0220942,0.0203726,-0.0203726,13.94564,,,124.7357,,,59.41722,,,64.96248,,,47.6113429,0.0397999,-0.0397999,-34.6432,0.041486,-0.041486,-32.6602,0.0378131,-0.0378131,16.9922,0.0072,-0.0072,58.8216,0.0248941,-0.0248941,7.907,0.006,-0.006,7.17896,0.023,-0.023,5.618,0.026,-0.026,5.231,0.033,-0.033,5.159,0.02,-0.02,,,,,,,,,,,,,,,,5.171,0.181,-0.181,5.025,0.099,-0.099,5.195,0.018,-0.018,5.106,0.028,-0.028,6.92516,0.000196,-0.000196,,,,6.3929,0.006,-0.006,,,,2015-05-14,2015-06,2015-05-14,0,1,1,8,0,0,[18 19 25 52 58 59 73],,,
HIP 54373 b,2318,HIP 54373,b,,HIP 54373,TIC 410407964,Gaia DR2 3552000252294347392,1,1,2,0,0,Radial Velocity,2019,<a refstr=FENG_ET_AL__2019 href=https://ui.adsabs.harvard.edu/abs/2019ApJS..242...25F/abstract target=ref>Feng et al. 2019</a>,2019-06,Ground,Las Campanas Observatory,6.5 m Magellan II Clay Telescope,Carnegie Planet Finder Spectrograph,1,0,0,0,0,0,0,0,0,0,Published Confirmed,0,<a refstr=FENG_ET_AL__2019 href=https://ui.adsabs.harvard.edu/abs/2019ApJS..242...25F/abstract target=ref>Feng et al. 2019</a>,7.76,0.003,-0.003,0,0.063,0.001,-0.001,0,,,,,,,,,,,,,,,,,8.62,1.84,-1.84,0,0.02712,0.00579,-0.00579,0,,,,,,,,,8.62,1.84,-1.84,0,0.02712,0.00579,-0.00579,0,Msini,,,,,0.2,0.11,-0.11,0,,,,,,,,,,,,,,,,,,0,,,,,,,,,,,,,,,,,,,,,,,,,,,,,72.34,44.58,-44.58,0,4.19,0.87,-0.87,0,,,,,,,,,<a refstr=FENG_ET_AL__2019 href=https://ui.adsabs.harvard.edu/abs/2019ApJS..242...25F/abstract target=ref>Feng et al. 2019</a>,K5 V,4021,226,-146,0,,,,,0.57,0.03,-0.03,0,,,,,,,,,,,,,,,,,,,,,,,,,,,,,,,,,,<a refstr=STASSUN_ET_AL__2019 href=https://ui.adsabs.harvard.edu/abs/2019AJ....158..138S/abstract target=ref>TICv8</a>,11h07m27.44s,166.8643532,-19d17m30.07s,-19.2916857,0.0364347,-0.0364347,0.0318805,-0.0318805,37.18522,,,271.6509,,,-22.85668,,,175.9323,,,239.4759005,0.0888696,-0.0888696,-235.019,0.0894684,-0.0894684,-45.9867,0.0714764,-0.0714764,18.7168,0.0164,-0.0164,53.3991,0.0464964,-0.0464964,11.808,0.005,-0.005,10.38,0.1,-0.1,7.449,0.02,-0.02,6.853,0.065,-0.065,6.62,0.02,-0.02,,,,,,,,,,,,,,,,6.515,0.075,-0.075,6.401,0.024,-0.024,6.428,0.017,-0.017,6.259,0.058,-0.058,9.64076,0.000402,-0.000402,,,,8.67362,0.0073431,-0.0073431,,,,2019-05-20 15:26:35,2019-06,2019-05-23,0,1,0,0,0,0,[ 9 36 63],,,
HIP 54373 c,2319,HIP 54373,c,,HIP 54373,TIC 410407964,Gaia DR2 3552000252294347392,1,1,2,0,0,Radial Velocity,2019,<a refstr=FENG_ET_AL__2019 href=https://ui.adsabs.harvard.edu/abs/2019ApJS..242...25F/abstract target=ref>Feng et al. 2019</a>,2019-06,Ground,Las Campanas Observatory,6.5 m Magellan II Clay Telescope,Carnegie Planet Finder Spectrograph,1,0,0,0,0,0,0,0,0,0,Published Confirmed,0,<a refstr=FENG_ET_AL__2019 href=https://ui.adsabs.harvard.edu/abs/2019ApJS..242...25F/abstract target=ref>Feng et al. 2019</a>,15.144,0.008,-0.008,0,0.099,0.002,-0.002,0,,,,,,,,,,,,,,,,,12.44,2.11,-2.11,0,0.03914,0.00664,-0.00664,0,,,,,,,,,12.44,2.11,-2.11,0,0.03914,0.00664,-0.00664,0,Msini,,,,,0.2,0.12,-0.12,0,,,,,,,,,,,,,,,,,,0,,,,,,,,,,,,,,,,,,,,,,,,,,,,,122.37,60.04,-60.04,0,4.84,0.79,-0.79,0,,,,,,,,,<a refstr=FENG_ET_AL__2019 href=https://ui.adsabs.harvard.edu/abs/2019ApJS..242...25F/abstract target=ref>Feng et al. 2019</a>,K5 V,4021,226,-146,0,,,,,0.57,0.03,-0.03,0,,,,,,,,,,,,,,,,,,,,,,,,,,,,,,,,,,<a refstr=STASSUN_ET_AL__2019 href=https://ui.adsabs.harvard.edu/abs/2019AJ....158..138S/abstract target=ref>TICv8</a>,11h07m27.44s,166.8643532,-19d17m30.07s,-19.2916857,0.0364347,-0.0364347,0.0318805,-0.0318805,37.18522,,,271.6509,,,-22.85668,,,175.9323,,,239.4759005,0.0888696,-0.0888696,-235.019,0.0894684,-0.0894684,-45.9867,0.0714764,-0.0714764,18.7168,0.0164,-0.0164,53.3991,0.0464964,-0.0464964,11.808,0.005,-0.005,10.38,0.1,-0.1,7.449,0.02,-0.02,6.853,0.065,-0.065,6.62,0.02,-0.02,,,,,,,,,,,,,,,,6.515,0.075,-0.075,6.401,0.024,-0.024,6.428,0.017,-0.017,6.259,0.058,-0.058,9.64076,0.000402,-0.000402,,,,8.67362,0.0073431,-0.0073431,,,,2019-05-20 15:26:36,2019-06,2019-05-23,0,1,0,0,0,0,[ 9 36 63],,,
K2-18 c,2824,K2-18,c,,,TIC 388804061,Gaia DR2 3910747531814692736,1,1,2,0,0,Radial Velocity,2017,<a refstr=CLOUTIER_ET_AL__2017 href=https://ui.adsabs.harvard.edu/abs/2017A&A...608A..35C/abstract target=ref>Cloutier et al. 2017</a>,2017-12,Ground,La Silla Observatory,3.6 m ESO Telescope,HARPS Spectrograph,1,0,0,0,0,0,0,0,0,0,Published Confirmed,1,<a refstr=CLOUTIER_ET_AL__2017 href=https://ui.adsabs.harvard.edu/abs/2017A&A...608A..35C/abstract target=ref>Cloutier et al. 2017</a>,8.962,0.008,-0.008,0,0.06,0.003,-0.003,0,,,,,,,,,,,,,,,,,7.51,1.33,-1.33,0,0.02363,0.00418,-0.00418,0,,,,,,,,,7.51,1.33,-1.33,0,0.02363,0.00418,-0.00418,0,Msini,,,,,0.47,,,1,,,,,363,14,-14,0,,,,,,,,,,0,,,,,,,,,,,,,,,,,,,,,,,,,,,,,,,,,4.63,0.72,-0.72,0,,,,,,,,,<a refstr=CLOUTIER_ET_AL__2017 href=https://ui.adsabs.harvard.edu/abs/2017A&A...608A..35C/abstract target=ref>Cloutier et al. 2017</a>,,3457,39,-39,0,0.41,0.04,-0.04,0,0.36,0.05,-0.05,0,,,,,,,,,,,,,,,,,,,,,,,,,,38.6,0.5,-0.5,0,0.65,0,0,0,<a refstr=STASSUN_ET_AL__2019 href=https://ui.adsabs.harvard.edu/abs/2019AJ....158..138S/abstract target=ref>TICv8</a>,11h30m14.43s,172.560141,+07d35m16.19s,7.5878315,0.0494948,-0.0494948,0.0331382,-0.0331382,62.57575,,,254.6324,,,4.020079,,,170.1713,,,155.5222618,0.069109,-0.069109,-80.3765,0.0834003,-0.0834003,-133.142,0.063101,-0.063101,38.0266,0.07955,-0.07955,26.2686,0.0545906,-0.0545906,14.991,0.032,-0.032,13.477,0.042,-0.042,9.763,0.028,-0.028,9.135,0.026,-0.026,8.899,0.019,-0.019,16.7222,0.0085568,-0.0085568,15.1354,0.0045191,-0.0045191,13.0855,0.0021847,-0.0021847,11.8579,0.0008067,-0.0008067,11.5166,0.0043013,-0.0043013,8.769,0.023,-0.023,8.668,0.02,-0.02,8.552,0.025,-0.025,8.587,0.379,-0.379,12.4154,0.000502,-0.000502,,,,11.2373,0.0073698,-0.0073698,12.473,,,2017-12-19 20:15:34,2017-12,2017-12-21,3,0,0,0,0,0,[45 46 72],,,
Teegarden's Star b,26055,Teegarden's Star,b,,,TIC 257870150,Gaia DR2 35227046884571776,1,1,2,0,0,Radial Velocity,2019,<a refstr=ZECHMEISTER_ET_AL__2019 href=https://ui.adsabs.harvard.edu/abs/2019A&A...627A..49Z/abstract target=ref>Zechmeister et al. 2019</a>,2019-07,Ground,Calar Alto Observatory,3.5 m telescope,CARMENES,1,0,0,0,0,0,0,0,0,0,Published Confirmed,0,<a refstr=ZECHMEISTER_ET_AL__2019 href=https://ui.adsabs.harvard.edu/abs/2019A&A...627A..49Z/abstract target=ref>Zechmeister et al. 2019</a>,4.91,0.0014,-0.0014,0,0.0252,0.0008,-0.0009,0,,,,,,,,,,,,,,,,,1.05,0.13,-0.12,0,0.0033,0.00041,-0.00038,0,,,,,,,,,1.05,0.13,-0.12,0,0.0033,0.00041,-0.00038,0,Msini,,,,,0,0.16,0,0,1.15,0.08,-0.08,0,,,,,,,,,,,,,BJD,0,,,,,,,,,,,,,,,,,,,,,,,,,2458052.3,0.7,-1.1,0,77,52,-79,0,2.02,0.19,-0.2,0,,,,,,,,,<a refstr=ZECHMEISTER_ET_AL__2019 href=https://ui.adsabs.harvard.edu/abs/2019A&A...627A..49Z/abstract target=ref>Zechmeister et al. 2019</a>,M7.0 V,2904,51,-51,0,0.11,0,0,0,0.09,0.01,-0.01,0,-0.19,0.16,-0.16,0,[Fe/H],-3.137,0.006,-0.006,0,,,,,8,,,-1,,,,,,,,,,,,,,,,,<a refstr=STASSUN_ET_AL__2019 href=https://ui.adsabs.harvard.edu/abs/2019AJ....158..138S/abstract target=ref>TICv8</a>,02h53m04.59s,43.2691449,+16d51m53.65s,16.8649024,0.1919078,-0.1919078,0.1885819,-0.1885819,-37.02612,,,160.2633,,,0.3210817,,,45.81697,,,5123.3319204,0.3197227,-0.3197227,3429.53,0.32799,-0.32799,-3806.16,0.31285,-0.31285,3.83078,0.003975,-0.003975,261.015,0.26896,-0.26896,,,,15.13,0.2,-0.2,8.394,0.027,-0.027,7.883,0.04,-0.04,7.585,0.046,-0.046,,,,,,,,,,,,,,,,,,,,,,,,,,,,12.2746,0.000992,-0.000992,,,,10.565,0.0083729,-0.0083729,,,,2019-06-24 13:30:01,2019-07,2019-06-27,0,0,0,0,0,0,[42 43 44 70 71],,,
Teegarden's Star c,26056,Teegarden's Star,c,,,TIC 257870150,Gaia DR2 35227046884571776,1,1,2,0,0,Radial Velocity,2019,<a refstr=ZECHMEISTER_ET_AL__2019 href=https://ui.adsabs.harvard.edu/abs/2019A&A...627A..49Z/abstract target=ref>Zechmeister et al. 2019</a>,2019-07,Ground,Calar Alto Observatory,3.5 m telescope,CARMENES,1,0,0,0,0,0,0,0,0,0,Published Confirmed,0,<a refstr=ZECHMEISTER_ET_AL__2019 href=https://ui.adsabs.harvard.edu/abs/2019A&A...627A..49Z/abstract target=ref>Zechmeister et al. 2019</a>,11.409,0.009,-0.009,0,0.0443,0.0014,-0.0015,0,,,,,,,,,,,,,,,,,1.11,0.16,-0.15,0,0.00349,0.0005,-0.00047,0,,,,,,,,,1.11,0.16,-0.15,0,0.00349,0.0005,-0.00047,0,Msini,,,,,0,0.16,0,0,0.37,0.03,-0.03,0,,,,,,,,,,,,,BJD,0,,,,,,,,,,,,,,,,,,,,,,,,,2458053.2,3.2,-2.3,0,286,101,-74,0,1.61,0.19,-0.19,0,,,,,,,,,<a refstr=ZECHMEISTER_ET_AL__2019 href=https://ui.adsabs.harvard.edu/abs/2019A&A...627A..49Z/abstract target=ref>Zechmeister et al. 2019</a>,M7.0 V,2904,51,-51,0,0.11,0,0,0,0.09,0.01,-0.01,0,-0.19,0.16,-0.16,0,[Fe/H],-3.137,0.006,-0.006,0,,,,,8,,,-1,,,,,,,,,,,,,,,,,<a refstr=STASSUN_ET_AL__2019 href=https://ui.adsabs.harvard.edu/abs/2019AJ....158..138S/abstract target=ref>TICv8</a>,02h53m04.59s,43.2691449,+16d51m53.65s,16.8649024,0.1919078,-0.1919078,0.1885819,-0.1885819,-37.02612,,,160.2633,,,0.3210817,,,45.81697,,,5123.3319204,0.3197227,-0.3197227,3429.53,0.32799,-0.32799,-3806.16,0.31285,-0.31285,3.83078,0.003975,-0.003975,261.015,0.26896,-0.26896,,,,15.13,0.2,-0.2,8.394,0.027,-0.027,7.883,0.04,-0.04,7.585,0.046,-0.046,,,,,,,,,,,,,,,,,,,,,,,,,,,,12.2746,0.000992,-0.000992,,,,10.565,0.0083729,-0.0083729,,,,2019-06-24 13:30:02,2019-07,2019-06-27,0,0,0,0,0,0,[42 43 44 70 71],,,
tau Cet g,26835,tau Cet,g,HD 10700,HIP 8102,TIC 419015728,Gaia DR2 2452378776434276992,1,1,4,0,0,Radial Velocity,2017,<a refstr=FENG_ET_AL__2017 href=https://ui.adsabs.harvard.edu/abs/2017AJ....154..135F/abstract target=ref>Feng et al. 2017</a>,2017-10,Ground,Multiple Observatories,Multiple Telescopes,Multiple Instruments,1,0,0,0,0,0,0,0,0,0,Published Confirmed,0,<a refstr=FENG_ET_AL__2017 href=https://ui.adsabs.harvard.edu/abs/2017AJ....154..135F/abstract target=ref>Feng et al. 2017</a>,20,0.02,-0.01,0,0.133,0.001,-0.002,0,,,,,,,,,,,,,,,,,1.75,0.25,-0.4,0,0.00551,0.00079,-0.00126,0,,,,,,,,,1.75,0.25,-0.4,0,0.00551,0.00079,-0.00126,0,Msini,,,,,0.06,0.13,-0.06,0,,,,,,,,,,,,,,,,,,0,,,,,,,,,,,,,,,,,,,,,,,,,,,,,395.341,36.096,-84.798,0,0.49,0.07,-0.11,0,,,,,,,,,<a refstr=FENG_ET_AL__2017 href=https://ui.adsabs.harvard.edu/abs/2017AJ....154..135F/abstract target=ref>Feng et al. 2017</a>,,,,,,,,,,0.78,0.01,-0.01,0,,,,,,,,,,,,,,,,,,,,,,,,,,,,,,,,,,<a refstr=STASSUN_ET_AL__2019 href=https://ui.adsabs.harvard.edu/abs/2019AJ....158..138S/abstract target=ref>TICv8</a>,01h44m02.23s,26.0093029,-15d56m01.68s,-15.9337987,0.4121728,-0.4121728,0.3504836,-0.3504836,-73.4397,,,173.1008,,,-24.81588,,,17.81865,,,1929.7238523,1.2270635,-1.2270635,-1729.73,1.313,-1.313,855.493,0.783143,-0.783143,3.60304,0.006765,-0.006765,277.516,0.517309,-0.517309,,,,3.49607,0.023,-0.023,2.149,0.31,-0.31,1.8,0.234,-0.234,1.794,0.274,-0.274,,,,,,,,,,,,,,,,,,,,,,,,,,,,3.24854,0.0103988,-0.0103988,,,,2.7459,1.7221,-1.7221,,,,2017-08-14 17:00:45,2017-10,2017-08-17,1,1,4,10,0,0,[ 3 30],,,
